i,j,k
24,43,0
43,24,0
18,28,1
18,29,1
18,31,1
18,32,1
18,33,1
18,34,1
19,26,1
19,37,1
21,24,1
19,32,2
32,19,2
20,29,3
20,34,3
29,20,3
34,20,3
20,29,4
20,34,4
29,20,4
34,20,4
20,29,5
20,34,5
29,20,5
34,20,5
20,29,6
20,34,6
29,20,6
34,20,6
20,29,7
20,34,7
29,20,7
34,20,7
20,29,8
20,34,8
29,20,8
34,20,8
20,29,9
20,34,9
29,20,9
34,20,9
20,29,10
20,34,10
29,20,10
34,20,10
20,29,11
20,34,11
29,20,11
34,20,11
20,29,12
20,34,12
29,20,12
34,20,12
20,29,13
20,34,13
29,20,13
34,20,13
20,29,14
20,34,14
29,20,14
34,20,14
20,29,15
20,34,15
29,20,15
34,20,15
20,29,16
20,34,16
29,20,16
34,20,16
20,29,17
20,34,17
29,20,17
34,20,17
20,29,18
20,34,18
29,20,18
34,20,18
20,29,19
20,34,19
29,20,19
34,20,19
20,29,20
20,34,20
29,20,20
34,20,20
20,29,21
20,34,21
29,20,21
34,20,21
20,29,22
20,34,22
29,20,22
34,20,22
20,29,23
20,34,23
29,20,23
34,20,23
20,29,24
20,34,24
29,20,24
34,20,24
20,29,25
20,34,25
29,20,25
34,20,25
20,29,26
20,34,26
29,20,26
34,20,26
20,29,27
20,34,27
29,20,27
34,20,27
20,29,28
20,34,28
29,20,28
34,20,28
20,29,29
20,34,29
29,20,29
34,20,29
20,29,30
20,34,30
29,20,30
34,20,30
20,29,31
20,34,31
29,20,31
34,20,31
20,29,32
20,34,32
29,20,32
34,20,32
20,29,33
20,34,33
29,20,33
34,20,33
20,29,34
20,34,34
29,20,34
34,20,34
20,29,35
20,34,35
29,20,35
34,20,35
20,29,36
20,34,36
29,20,36
34,20,36
20,29,37
20,34,37
29,20,37
34,20,37
20,29,38
20,34,38
29,20,38
34,20,38
20,29,39
20,34,39
29,20,39
34,20,39
20,29,40
20,34,40
29,20,40
34,20,40
20,29,41
20,34,41
29,20,41
34,20,41
20,29,42
20,34,42
29,20,42
34,20,42
20,29,43
20,34,43
29,20,43
34,20,43
20,29,44
20,34,44
29,20,44
34,20,44
20,29,45
20,34,45
29,20,45
34,20,45
20,29,46
20,34,46
29,20,46
34,20,46
20,29,47
20,34,47
29,20,47
34,20,47
20,29,48
20,34,48
29,20,48
34,20,48
20,29,49
20,34,49
29,20,49
34,20,49
20,29,50
20,34,50
29,20,50
34,20,50
20,29,51
20,34,51
29,20,51
34,20,51
20,29,52
20,34,52
29,20,52
34,20,52
20,29,53
20,34,53
29,20,53
34,20,53
20,29,54
20,34,54
29,20,54
34,20,54
20,29,55
20,34,55
29,20,55
34,20,55
20,29,56
20,34,56
29,20,56
34,20,56
20,29,57
20,34,57
29,20,57
34,20,57
20,29,58
20,34,58
29,20,58
34,20,58
20,29,59
20,34,59
29,20,59
34,20,59
20,29,60
20,34,60
29,20,60
34,20,60
19,36,62
19,37,62
20,39,62
40,21,62
41,22,62
42,23,62
43,24,62
45,27,62
24,43,63
43,24,63
18,28,0
18,29,0
18,30,0
18,31,0
18,32,0
18,33,0
18,34,0
18,35,0
19,26,0
19,27,0
19,37,0
20,25,0
20,39,0
21,24,0
21,40,0
22,23,0
22,41,0
23,22,0
23,42,0
24,21,0
25,20,0
26,19,0
27,19,0
28,18,0
29,18,0
30,18,0
31,18,0
32,18,0
33,18,0
34,18,0
35,18,0
37,19,0
39,20,0
40,21,0
41,22,0
42,23,0
44,25,0
45,27,0
18,30,1
18,35,1
19,27,1
19,38,1
20,25,1
20,39,1
21,40,1
22,23,1
22,41,1
23,42,1
25,20,1
26,19,1
27,19,1
28,18,1
29,18,1
30,18,1
31,18,1
32,18,1
33,18,1
34,18,1
35,18,1
36,18,1
37,19,1
38,19,1
39,20,1
40,21,1
41,22,1
42,23,1
43,24,1
44,26,1
19,36,2
20,38,2
36,19,2
38,20,2
21,40,62
22,41,62
23,42,62
24,43,62
36,19,62
37,19,62
38,20,62
39,20,62
44,25,62
18,28,63
18,29,63
18,30,63
18,31,63
18,32,63
18,33,63
18,34,63
18,35,63
19,26,63
19,27,63
19,37,63
20,25,63
20,39,63
21,24,63
21,40,63
22,23,63
22,41,63
23,22,63
23,42,63
24,21,63
25,20,63
26,19,63
27,19,63
28,18,63
29,18,63
30,18,63
31,18,63
32,18,63
33,18,63
34,18,63
35,18,63
37,19,63
39,20,63
40,21,63
41,22,63
42,23,63
44,25,63
45,27,63
20,40,0
21,41,0
23,43,0
24,43,0
27,45,0
36,18,0
38,19,0
40,20,0
41,21,0
42,22,0
43,23,0
43,24,0
18,28,1
18,29,1
18,31,1
18,32,1
18,33,1
18,34,1
18,37,1
19,26,1
19,37,1
19,39,1
21,24,1
27,45,1
28,45,1
29,45,1
30,45,1
31,45,1
32,45,1
33,45,1
34,45,1
35,45,1
37,18,1
37,44,1
39,19,1
44,37,1
45,27,1
45,28,1
45,29,1
45,30,1
45,31,1
45,32,1
45,33,1
45,34,1
45,35,1
18,28,2
18,29,2
19,26,2
19,32,2
19,38,2
20,39,2
21,40,2
22,41,2
23,42,2
26,19,2
27,45,2
28,18,2
28,45,2
29,18,2
29,45,2
30,45,2
31,45,2
32,19,2
32,45,2
33,45,2
34,45,2
35,45,2
37,44,2
38,19,2
39,20,2
40,21,2
41,22,2
42,23,2
44,37,2
45,27,2
45,28,2
45,29,2
45,30,2
45,31,2
45,32,2
45,33,2
45,34,2
45,35,2
18,28,3
18,29,3
18,30,3
18,31,3
18,32,3
18,33,3
18,34,3
18,35,3
18,36,3
19,26,3
19,27,3
19,29,3
19,30,3
19,31,3
19,32,3
19,33,3
19,34,3
19,37,3
19,38,3
20,25,3
20,26,3
20,27,3
20,29,3
20,30,3
20,31,3
20,32,3
20,33,3
20,34,3
20,39,3
21,24,3
21,25,3
21,27,3
21,36,3
21,40,3
22,23,3
22,24,3
22,41,3
23,22,3
23,23,3
23,42,3
24,21,3
24,22,3
24,30,3
24,34,3
24,43,3
25,20,3
25,21,3
25,26,3
25,28,3
25,29,3
25,34,3
25,36,3
25,37,3
26,19,3
26,20,3
26,25,3
26,27,3
26,37,3
26,38,3
26,41,3
26,44,3
27,19,3
27,20,3
27,21,3
27,26,3
27,29,3
27,38,3
27,39,3
27,45,3
28,18,3
28,25,3
28,37,3
28,40,3
28,42,3
28,45,3
29,18,3
29,19,3
29,20,3
29,25,3
29,27,3
29,43,3
29,45,3
30,18,3
30,19,3
30,20,3
30,24,3
30,39,3
30,42,3
30,43,3
30,45,3
31,18,3
31,19,3
31,20,3
31,43,3
31,45,3
32,18,3
32,19,3
32,20,3
32,39,3
32,43,3
32,45,3
33,18,3
33,19,3
33,20,3
33,42,3
33,43,3
33,45,3
34,18,3
34,19,3
34,20,3
34,24,3
34,25,3
34,34,3
34,36,3
34,39,3
34,43,3
34,45,3
35,18,3
35,35,3
35,38,3
35,42,3
35,43,3
35,45,3
36,18,3
36,21,3
36,25,3
36,34,3
37,19,3
37,25,3
37,26,3
37,28,3
37,38,3
37,41,3
37,44,3
38,19,3
38,26,3
38,27,3
38,35,3
38,37,3
39,20,3
39,27,3
39,30,3
39,32,3
39,34,3
40,21,3
40,28,3
41,22,3
41,26,3
41,37,3
42,23,3
42,28,3
42,30,3
42,33,3
42,35,3
43,24,3
43,29,3
43,30,3
43,31,3
43,32,3
43,33,3
43,34,3
43,35,3
44,26,3
44,37,3
45,27,3
45,28,3
45,29,3
45,30,3
45,31,3
45,32,3
45,33,3
45,34,3
45,35,3
18,28,4
18,29,4
18,30,4
18,31,4
18,32,4
18,33,4
18,34,4
18,35,4
18,36,4
19,26,4
19,27,4
19,29,4
19,30,4
19,31,4
19,32,4
19,33,4
19,34,4
19,37,4
19,38,4
20,25,4
20,26,4
20,27,4
20,29,4
20,30,4
20,31,4
20,32,4
20,33,4
20,34,4
20,39,4
21,24,4
21,25,4
21,27,4
21,36,4
21,40,4
22,23,4
22,24,4
22,41,4
23,22,4
23,23,4
23,42,4
24,21,4
24,22,4
24,30,4
24,34,4
24,43,4
25,20,4
25,21,4
25,26,4
25,28,4
25,29,4
25,34,4
25,36,4
25,37,4
26,19,4
26,20,4
26,25,4
26,27,4
26,37,4
26,38,4
26,41,4
26,44,4
27,19,4
27,20,4
27,21,4
27,26,4
27,29,4
27,38,4
27,39,4
27,45,4
28,18,4
28,25,4
28,37,4
28,40,4
28,42,4
28,45,4
29,18,4
29,19,4
29,20,4
29,25,4
29,27,4
29,43,4
29,45,4
30,18,4
30,19,4
30,20,4
30,24,4
30,39,4
30,42,4
30,43,4
30,45,4
31,18,4
31,19,4
31,20,4
31,43,4
31,45,4
32,18,4
32,19,4
32,20,4
32,39,4
32,43,4
32,45,4
33,18,4
33,19,4
33,20,4
33,42,4
33,43,4
33,45,4
34,18,4
34,19,4
34,20,4
34,24,4
34,25,4
34,34,4
34,36,4
34,39,4
34,43,4
34,45,4
35,18,4
35,35,4
35,38,4
35,42,4
35,43,4
35,45,4
36,18,4
36,21,4
36,25,4
36,34,4
37,19,4
37,25,4
37,26,4
37,28,4
37,38,4
37,41,4
37,44,4
38,19,4
38,26,4
38,27,4
38,35,4
38,37,4
39,20,4
39,27,4
39,30,4
39,32,4
39,34,4
40,21,4
40,28,4
41,22,4
41,26,4
41,37,4
42,23,4
42,28,4
42,30,4
42,33,4
42,35,4
43,24,4
43,29,4
43,30,4
43,31,4
43,32,4
43,33,4
43,34,4
43,35,4
44,26,4
44,37,4
45,27,4
45,28,4
45,29,4
45,30,4
45,31,4
45,32,4
45,33,4
45,34,4
45,35,4
18,28,5
18,29,5
18,30,5
18,31,5
18,32,5
18,33,5
18,34,5
18,35,5
18,36,5
19,26,5
19,27,5
19,29,5
19,30,5
19,31,5
19,32,5
19,33,5
19,34,5
19,37,5
19,38,5
20,25,5
20,26,5
20,27,5
20,29,5
20,30,5
20,31,5
20,32,5
20,33,5
20,34,5
20,39,5
21,24,5
21,25,5
21,27,5
21,36,5
21,40,5
22,23,5
22,24,5
22,41,5
23,22,5
23,23,5
23,42,5
24,21,5
24,22,5
24,30,5
24,34,5
24,43,5
25,20,5
25,21,5
25,26,5
25,28,5
25,29,5
25,34,5
25,36,5
25,37,5
26,19,5
26,20,5
26,25,5
26,27,5
26,37,5
26,38,5
26,41,5
26,44,5
27,19,5
27,20,5
27,21,5
27,26,5
27,29,5
27,38,5
27,39,5
27,45,5
28,18,5
28,25,5
28,37,5
28,40,5
28,42,5
28,45,5
29,18,5
29,19,5
29,20,5
29,25,5
29,27,5
29,43,5
29,45,5
30,18,5
30,19,5
30,20,5
30,24,5
30,39,5
30,42,5
30,43,5
30,45,5
31,18,5
31,19,5
31,20,5
31,43,5
31,45,5
32,18,5
32,19,5
32,20,5
32,39,5
32,43,5
32,45,5
33,18,5
33,19,5
33,20,5
33,42,5
33,43,5
33,45,5
34,18,5
34,19,5
34,20,5
34,24,5
34,25,5
34,34,5
34,36,5
34,39,5
34,43,5
34,45,5
35,18,5
35,35,5
35,38,5
35,42,5
35,43,5
35,45,5
36,18,5
36,21,5
36,25,5
36,34,5
37,19,5
37,25,5
37,26,5
37,28,5
37,38,5
37,41,5
37,44,5
38,19,5
38,26,5
38,27,5
38,35,5
38,37,5
39,20,5
39,27,5
39,30,5
39,32,5
39,34,5
40,21,5
40,28,5
41,22,5
41,26,5
41,37,5
42,23,5
42,28,5
42,30,5
42,33,5
42,35,5
43,24,5
43,29,5
43,30,5
43,31,5
43,32,5
43,33,5
43,34,5
43,35,5
44,26,5
44,37,5
45,27,5
45,28,5
45,29,5
45,30,5
45,31,5
45,32,5
45,33,5
45,34,5
45,35,5
18,28,6
18,29,6
18,30,6
18,31,6
18,32,6
18,33,6
18,34,6
18,35,6
18,36,6
19,26,6
19,27,6
19,29,6
19,30,6
19,31,6
19,32,6
19,33,6
19,34,6
19,37,6
19,38,6
20,25,6
20,26,6
20,27,6
20,29,6
20,30,6
20,31,6
20,32,6
20,33,6
20,34,6
20,39,6
21,24,6
21,25,6
21,27,6
21,36,6
21,40,6
22,23,6
22,24,6
22,41,6
23,22,6
23,23,6
23,42,6
24,21,6
24,22,6
24,30,6
24,34,6
24,43,6
25,20,6
25,21,6
25,26,6
25,28,6
25,29,6
25,34,6
25,36,6
25,37,6
26,19,6
26,20,6
26,25,6
26,27,6
26,37,6
26,38,6
26,41,6
26,44,6
27,19,6
27,20,6
27,21,6
27,26,6
27,29,6
27,38,6
27,39,6
27,45,6
28,18,6
28,25,6
28,37,6
28,40,6
28,42,6
28,45,6
29,18,6
29,19,6
29,20,6
29,25,6
29,27,6
29,43,6
29,45,6
30,18,6
30,19,6
30,20,6
30,24,6
30,39,6
30,42,6
30,43,6
30,45,6
31,18,6
31,19,6
31,20,6
31,43,6
31,45,6
32,18,6
32,19,6
32,20,6
32,39,6
32,43,6
32,45,6
33,18,6
33,19,6
33,20,6
33,42,6
33,43,6
33,45,6
34,18,6
34,19,6
34,20,6
34,24,6
34,25,6
34,34,6
34,36,6
34,39,6
34,43,6
34,45,6
35,18,6
35,35,6
35,38,6
35,42,6
35,43,6
35,45,6
36,18,6
36,21,6
36,25,6
36,34,6
37,19,6
37,25,6
37,26,6
37,28,6
37,38,6
37,41,6
37,44,6
38,19,6
38,26,6
38,27,6
38,35,6
38,37,6
39,20,6
39,27,6
39,30,6
39,32,6
39,34,6
40,21,6
40,28,6
41,22,6
41,26,6
41,37,6
42,23,6
42,28,6
42,30,6
42,33,6
42,35,6
43,24,6
43,29,6
43,30,6
43,31,6
43,32,6
43,33,6
43,34,6
43,35,6
44,26,6
44,37,6
45,27,6
45,28,6
45,29,6
45,30,6
45,31,6
45,32,6
45,33,6
45,34,6
45,35,6
18,28,7
18,29,7
18,30,7
18,31,7
18,32,7
18,33,7
18,34,7
18,35,7
18,36,7
19,26,7
19,27,7
19,29,7
19,30,7
19,31,7
19,32,7
19,33,7
19,34,7
19,37,7
19,38,7
20,25,7
20,26,7
20,27,7
20,29,7
20,30,7
20,31,7
20,32,7
20,33,7
20,34,7
20,39,7
21,24,7
21,25,7
21,27,7
21,36,7
21,40,7
22,23,7
22,24,7
22,41,7
23,22,7
23,23,7
23,42,7
24,21,7
24,22,7
24,30,7
24,34,7
24,43,7
25,20,7
25,21,7
25,26,7
25,28,7
25,29,7
25,34,7
25,36,7
25,37,7
26,19,7
26,20,7
26,25,7
26,27,7
26,37,7
26,38,7
26,41,7
26,44,7
27,19,7
27,20,7
27,21,7
27,26,7
27,29,7
27,38,7
27,39,7
27,45,7
28,18,7
28,25,7
28,37,7
28,40,7
28,42,7
28,45,7
29,18,7
29,19,7
29,20,7
29,25,7
29,27,7
29,43,7
29,45,7
30,18,7
30,19,7
30,20,7
30,24,7
30,39,7
30,42,7
30,43,7
30,45,7
31,18,7
31,19,7
31,20,7
31,43,7
31,45,7
32,18,7
32,19,7
32,20,7
32,39,7
32,43,7
32,45,7
33,18,7
33,19,7
33,20,7
33,42,7
33,43,7
33,45,7
34,18,7
34,19,7
34,20,7
34,24,7
34,25,7
34,34,7
34,36,7
34,39,7
34,43,7
34,45,7
35,18,7
35,35,7
35,38,7
35,42,7
35,43,7
35,45,7
36,18,7
36,21,7
36,25,7
36,34,7
37,19,7
37,25,7
37,26,7
37,28,7
37,38,7
37,41,7
37,44,7
38,19,7
38,26,7
38,27,7
38,35,7
38,37,7
39,20,7
39,27,7
39,30,7
39,32,7
39,34,7
40,21,7
40,28,7
41,22,7
41,26,7
41,37,7
42,23,7
42,28,7
42,30,7
42,33,7
42,35,7
43,24,7
43,29,7
43,30,7
43,31,7
43,32,7
43,33,7
43,34,7
43,35,7
44,26,7
44,37,7
45,27,7
45,28,7
45,29,7
45,30,7
45,31,7
45,32,7
45,33,7
45,34,7
45,35,7
18,28,8
18,29,8
18,30,8
18,31,8
18,32,8
18,33,8
18,34,8
18,35,8
18,36,8
19,26,8
19,27,8
19,29,8
19,30,8
19,31,8
19,32,8
19,33,8
19,34,8
19,37,8
19,38,8
20,25,8
20,26,8
20,27,8
20,29,8
20,30,8
20,31,8
20,32,8
20,33,8
20,34,8
20,39,8
21,24,8
21,25,8
21,27,8
21,36,8
21,40,8
22,23,8
22,24,8
22,41,8
23,22,8
23,23,8
23,42,8
24,21,8
24,22,8
24,30,8
24,34,8
24,43,8
25,20,8
25,21,8
25,26,8
25,28,8
25,29,8
25,34,8
25,36,8
25,37,8
26,19,8
26,20,8
26,25,8
26,27,8
26,37,8
26,38,8
26,41,8
26,44,8
27,19,8
27,20,8
27,21,8
27,26,8
27,29,8
27,38,8
27,39,8
27,45,8
28,18,8
28,25,8
28,37,8
28,40,8
28,42,8
28,45,8
29,18,8
29,19,8
29,20,8
29,25,8
29,27,8
29,43,8
29,45,8
30,18,8
30,19,8
30,20,8
30,24,8
30,39,8
30,42,8
30,43,8
30,45,8
31,18,8
31,19,8
31,20,8
31,43,8
31,45,8
32,18,8
32,19,8
32,20,8
32,39,8
32,43,8
32,45,8
33,18,8
33,19,8
33,20,8
33,42,8
33,43,8
33,45,8
34,18,8
34,19,8
34,20,8
34,24,8
34,25,8
34,34,8
34,36,8
34,39,8
34,43,8
34,45,8
35,18,8
35,35,8
35,38,8
35,42,8
35,43,8
35,45,8
36,18,8
36,21,8
36,25,8
36,34,8
37,19,8
37,25,8
37,26,8
37,28,8
37,38,8
37,41,8
37,44,8
38,19,8
38,26,8
38,27,8
38,35,8
38,37,8
39,20,8
39,27,8
39,30,8
39,32,8
39,34,8
40,21,8
40,28,8
41,22,8
41,26,8
41,37,8
42,23,8
42,28,8
42,30,8
42,33,8
42,35,8
43,24,8
43,29,8
43,30,8
43,31,8
43,32,8
43,33,8
43,34,8
43,35,8
44,26,8
44,37,8
45,27,8
45,28,8
45,29,8
45,30,8
45,31,8
45,32,8
45,33,8
45,34,8
45,35,8
18,28,9
18,29,9
18,30,9
18,31,9
18,32,9
18,33,9
18,34,9
18,35,9
18,36,9
19,26,9
19,27,9
19,29,9
19,30,9
19,31,9
19,32,9
19,33,9
19,34,9
19,37,9
19,38,9
20,25,9
20,26,9
20,27,9
20,29,9
20,30,9
20,31,9
20,32,9
20,33,9
20,34,9
20,39,9
21,24,9
21,25,9
21,27,9
21,36,9
21,40,9
22,23,9
22,24,9
22,41,9
23,22,9
23,23,9
23,42,9
24,21,9
24,22,9
24,30,9
24,34,9
24,43,9
25,20,9
25,21,9
25,26,9
25,28,9
25,29,9
25,34,9
25,36,9
25,37,9
26,19,9
26,20,9
26,25,9
26,27,9
26,37,9
26,38,9
26,41,9
26,44,9
27,19,9
27,20,9
27,21,9
27,26,9
27,29,9
27,38,9
27,39,9
27,45,9
28,18,9
28,25,9
28,37,9
28,40,9
28,42,9
28,45,9
29,18,9
29,19,9
29,20,9
29,25,9
29,27,9
29,43,9
29,45,9
30,18,9
30,19,9
30,20,9
30,24,9
30,39,9
30,42,9
30,43,9
30,45,9
31,18,9
31,19,9
31,20,9
31,43,9
31,45,9
32,18,9
32,19,9
32,20,9
32,39,9
32,43,9
32,45,9
33,18,9
33,19,9
33,20,9
33,42,9
33,43,9
33,45,9
34,18,9
34,19,9
34,20,9
34,24,9
34,25,9
34,34,9
34,36,9
34,39,9
34,43,9
34,45,9
35,18,9
35,35,9
35,38,9
35,42,9
35,43,9
35,45,9
36,18,9
36,21,9
36,25,9
36,34,9
37,19,9
37,25,9
37,26,9
37,28,9
37,38,9
37,41,9
37,44,9
38,19,9
38,26,9
38,27,9
38,35,9
38,37,9
39,20,9
39,27,9
39,30,9
39,32,9
39,34,9
40,21,9
40,28,9
41,22,9
41,26,9
41,37,9
42,23,9
42,28,9
42,30,9
42,33,9
42,35,9
43,24,9
43,29,9
43,30,9
43,31,9
43,32,9
43,33,9
43,34,9
43,35,9
44,26,9
44,37,9
45,27,9
45,28,9
45,29,9
45,30,9
45,31,9
45,32,9
45,33,9
45,34,9
45,35,9
18,28,10
18,29,10
18,30,10
18,31,10
18,32,10
18,33,10
18,34,10
18,35,10
18,36,10
19,26,10
19,27,10
19,29,10
19,30,10
19,31,10
19,32,10
19,33,10
19,34,10
19,37,10
19,38,10
20,25,10
20,26,10
20,27,10
20,29,10
20,30,10
20,31,10
20,32,10
20,33,10
20,34,10
20,39,10
21,24,10
21,25,10
21,27,10
21,36,10
21,40,10
22,23,10
22,24,10
22,41,10
23,22,10
23,23,10
23,42,10
24,21,10
24,22,10
24,30,10
24,34,10
24,43,10
25,20,10
25,21,10
25,26,10
25,28,10
25,29,10
25,34,10
25,36,10
25,37,10
26,19,10
26,20,10
26,25,10
26,27,10
26,37,10
26,38,10
26,41,10
26,44,10
27,19,10
27,20,10
27,21,10
27,26,10
27,29,10
27,38,10
27,39,10
27,45,10
28,18,10
28,25,10
28,37,10
28,40,10
28,42,10
28,45,10
29,18,10
29,19,10
29,20,10
29,25,10
29,27,10
29,43,10
29,45,10
30,18,10
30,19,10
30,20,10
30,24,10
30,39,10
30,42,10
30,43,10
30,45,10
31,18,10
31,19,10
31,20,10
31,43,10
31,45,10
32,18,10
32,19,10
32,20,10
32,39,10
32,43,10
32,45,10
33,18,10
33,19,10
33,20,10
33,42,10
33,43,10
33,45,10
34,18,10
34,19,10
34,20,10
34,24,10
34,25,10
34,34,10
34,36,10
34,39,10
34,43,10
34,45,10
35,18,10
35,35,10
35,38,10
35,42,10
35,43,10
35,45,10
36,18,10
36,21,10
36,25,10
36,34,10
37,19,10
37,25,10
37,26,10
37,28,10
37,38,10
37,41,10
37,44,10
38,19,10
38,26,10
38,27,10
38,35,10
38,37,10
39,20,10
39,27,10
39,30,10
39,32,10
39,34,10
40,21,10
40,28,10
41,22,10
41,26,10
41,37,10
42,23,10
42,28,10
42,30,10
42,33,10
42,35,10
43,24,10
43,29,10
43,30,10
43,31,10
43,32,10
43,33,10
43,34,10
43,35,10
44,26,10
44,37,10
45,27,10
45,28,10
45,29,10
45,30,10
45,31,10
45,32,10
45,33,10
45,34,10
45,35,10
18,28,11
18,29,11
18,30,11
18,31,11
18,32,11
18,33,11
18,34,11
18,35,11
18,36,11
19,26,11
19,27,11
19,29,11
19,30,11
19,31,11
19,32,11
19,33,11
19,34,11
19,37,11
19,38,11
20,25,11
20,26,11
20,27,11
20,29,11
20,30,11
20,31,11
20,32,11
20,33,11
20,34,11
20,39,11
21,24,11
21,25,11
21,27,11
21,36,11
21,40,11
22,23,11
22,24,11
22,41,11
23,22,11
23,23,11
23,42,11
24,21,11
24,22,11
24,30,11
24,34,11
24,43,11
25,20,11
25,21,11
25,26,11
25,28,11
25,29,11
25,34,11
25,36,11
25,37,11
26,19,11
26,20,11
26,25,11
26,27,11
26,37,11
26,38,11
26,41,11
26,44,11
27,19,11
27,20,11
27,21,11
27,26,11
27,29,11
27,38,11
27,39,11
27,45,11
28,18,11
28,25,11
28,37,11
28,40,11
28,42,11
28,45,11
29,18,11
29,19,11
29,20,11
29,25,11
29,27,11
29,43,11
29,45,11
30,18,11
30,19,11
30,20,11
30,24,11
30,39,11
30,42,11
30,43,11
30,45,11
31,18,11
31,19,11
31,20,11
31,43,11
31,45,11
32,18,11
32,19,11
32,20,11
32,39,11
32,43,11
32,45,11
33,18,11
33,19,11
33,20,11
33,42,11
33,43,11
33,45,11
34,18,11
34,19,11
34,20,11
34,24,11
34,25,11
34,34,11
34,36,11
34,39,11
34,43,11
34,45,11
35,18,11
35,35,11
35,38,11
35,42,11
35,43,11
35,45,11
36,18,11
36,21,11
36,25,11
36,34,11
37,19,11
37,25,11
37,26,11
37,28,11
37,38,11
37,41,11
37,44,11
38,19,11
38,26,11
38,27,11
38,35,11
38,37,11
39,20,11
39,27,11
39,30,11
39,32,11
39,34,11
40,21,11
40,28,11
41,22,11
41,26,11
41,37,11
42,23,11
42,28,11
42,30,11
42,33,11
42,35,11
43,24,11
43,29,11
43,30,11
43,31,11
43,32,11
43,33,11
43,34,11
43,35,11
44,26,11
44,37,11
45,27,11
45,28,11
45,29,11
45,30,11
45,31,11
45,32,11
45,33,11
45,34,11
45,35,11
18,28,12
18,29,12
18,30,12
18,31,12
18,32,12
18,33,12
18,34,12
18,35,12
18,36,12
19,26,12
19,27,12
19,29,12
19,30,12
19,31,12
19,32,12
19,33,12
19,34,12
19,37,12
19,38,12
20,25,12
20,26,12
20,27,12
20,29,12
20,30,12
20,31,12
20,32,12
20,33,12
20,34,12
20,39,12
21,24,12
21,25,12
21,27,12
21,36,12
21,40,12
22,23,12
22,24,12
22,41,12
23,22,12
23,23,12
23,42,12
24,21,12
24,22,12
24,30,12
24,34,12
24,43,12
25,20,12
25,21,12
25,26,12
25,28,12
25,29,12
25,34,12
25,36,12
25,37,12
26,19,12
26,20,12
26,25,12
26,27,12
26,37,12
26,38,12
26,41,12
26,44,12
27,19,12
27,20,12
27,21,12
27,26,12
27,29,12
27,38,12
27,39,12
27,45,12
28,18,12
28,25,12
28,37,12
28,40,12
28,42,12
28,45,12
29,18,12
29,19,12
29,20,12
29,25,12
29,27,12
29,43,12
29,45,12
30,18,12
30,19,12
30,20,12
30,24,12
30,39,12
30,42,12
30,43,12
30,45,12
31,18,12
31,19,12
31,20,12
31,43,12
31,45,12
32,18,12
32,19,12
32,20,12
32,39,12
32,43,12
32,45,12
33,18,12
33,19,12
33,20,12
33,42,12
33,43,12
33,45,12
34,18,12
34,19,12
34,20,12
34,24,12
34,25,12
34,34,12
34,36,12
34,39,12
34,43,12
34,45,12
35,18,12
35,35,12
35,38,12
35,42,12
35,43,12
35,45,12
36,18,12
36,21,12
36,25,12
36,34,12
37,19,12
37,25,12
37,26,12
37,28,12
37,38,12
37,41,12
37,44,12
38,19,12
38,26,12
38,27,12
38,35,12
38,37,12
39,20,12
39,27,12
39,30,12
39,32,12
39,34,12
40,21,12
40,28,12
41,22,12
41,26,12
41,37,12
42,23,12
42,28,12
42,30,12
42,33,12
42,35,12
43,24,12
43,29,12
43,30,12
43,31,12
43,32,12
43,33,12
43,34,12
43,35,12
44,26,12
44,37,12
45,27,12
45,28,12
45,29,12
45,30,12
45,31,12
45,32,12
45,33,12
45,34,12
45,35,12
18,28,13
18,29,13
18,30,13
18,31,13
18,32,13
18,33,13
18,34,13
18,35,13
18,36,13
19,26,13
19,27,13
19,29,13
19,30,13
19,31,13
19,32,13
19,33,13
19,34,13
19,37,13
19,38,13
20,25,13
20,26,13
20,27,13
20,29,13
20,30,13
20,31,13
20,32,13
20,33,13
20,34,13
20,39,13
21,24,13
21,25,13
21,27,13
21,36,13
21,40,13
22,23,13
22,24,13
22,41,13
23,22,13
23,23,13
23,42,13
24,21,13
24,22,13
24,30,13
24,34,13
24,43,13
25,20,13
25,21,13
25,26,13
25,28,13
25,29,13
25,34,13
25,36,13
25,37,13
26,19,13
26,20,13
26,25,13
26,27,13
26,37,13
26,38,13
26,41,13
26,44,13
27,19,13
27,20,13
27,21,13
27,26,13
27,29,13
27,38,13
27,39,13
27,45,13
28,18,13
28,25,13
28,37,13
28,40,13
28,42,13
28,45,13
29,18,13
29,19,13
29,20,13
29,25,13
29,27,13
29,43,13
29,45,13
30,18,13
30,19,13
30,20,13
30,24,13
30,39,13
30,42,13
30,43,13
30,45,13
31,18,13
31,19,13
31,20,13
31,43,13
31,45,13
32,18,13
32,19,13
32,20,13
32,39,13
32,43,13
32,45,13
33,18,13
33,19,13
33,20,13
33,42,13
33,43,13
33,45,13
34,18,13
34,19,13
34,20,13
34,24,13
34,25,13
34,34,13
34,36,13
34,39,13
34,43,13
34,45,13
35,18,13
35,35,13
35,38,13
35,42,13
35,43,13
35,45,13
36,18,13
36,21,13
36,25,13
36,34,13
37,19,13
37,25,13
37,26,13
37,28,13
37,38,13
37,41,13
37,44,13
38,19,13
38,26,13
38,27,13
38,35,13
38,37,13
39,20,13
39,27,13
39,30,13
39,32,13
39,34,13
40,21,13
40,28,13
41,22,13
41,26,13
41,37,13
42,23,13
42,28,13
42,30,13
42,33,13
42,35,13
43,24,13
43,29,13
43,30,13
43,31,13
43,32,13
43,33,13
43,34,13
43,35,13
44,26,13
44,37,13
45,27,13
45,28,13
45,29,13
45,30,13
45,31,13
45,32,13
45,33,13
45,34,13
45,35,13
18,28,14
18,29,14
18,30,14
18,31,14
18,32,14
18,33,14
18,34,14
18,35,14
18,36,14
19,26,14
19,27,14
19,29,14
19,30,14
19,31,14
19,32,14
19,33,14
19,34,14
19,37,14
19,38,14
20,25,14
20,26,14
20,27,14
20,29,14
20,30,14
20,31,14
20,32,14
20,33,14
20,34,14
20,39,14
21,24,14
21,25,14
21,27,14
21,36,14
21,40,14
22,23,14
22,24,14
22,41,14
23,22,14
23,23,14
23,42,14
24,21,14
24,22,14
24,30,14
24,34,14
24,43,14
25,20,14
25,21,14
25,26,14
25,28,14
25,29,14
25,34,14
25,36,14
25,37,14
26,19,14
26,20,14
26,25,14
26,27,14
26,37,14
26,38,14
26,41,14
26,44,14
27,19,14
27,20,14
27,21,14
27,26,14
27,29,14
27,38,14
27,39,14
27,45,14
28,18,14
28,25,14
28,37,14
28,40,14
28,42,14
28,45,14
29,18,14
29,19,14
29,20,14
29,25,14
29,27,14
29,43,14
29,45,14
30,18,14
30,19,14
30,20,14
30,24,14
30,39,14
30,42,14
30,43,14
30,45,14
31,18,14
31,19,14
31,20,14
31,43,14
31,45,14
32,18,14
32,19,14
32,20,14
32,39,14
32,43,14
32,45,14
33,18,14
33,19,14
33,20,14
33,42,14
33,43,14
33,45,14
34,18,14
34,19,14
34,20,14
34,24,14
34,25,14
34,34,14
34,36,14
34,39,14
34,43,14
34,45,14
35,18,14
35,35,14
35,38,14
35,42,14
35,43,14
35,45,14
36,18,14
36,21,14
36,25,14
36,34,14
37,19,14
37,25,14
37,26,14
37,28,14
37,38,14
37,41,14
37,44,14
38,19,14
38,26,14
38,27,14
38,35,14
38,37,14
39,20,14
39,27,14
39,30,14
39,32,14
39,34,14
40,21,14
40,28,14
41,22,14
41,26,14
41,37,14
42,23,14
42,28,14
42,30,14
42,33,14
42,35,14
43,24,14
43,29,14
43,30,14
43,31,14
43,32,14
43,33,14
43,34,14
43,35,14
44,26,14
44,37,14
45,27,14
45,28,14
45,29,14
45,30,14
45,31,14
45,32,14
45,33,14
45,34,14
45,35,14
18,28,15
18,29,15
18,30,15
18,31,15
18,32,15
18,33,15
18,34,15
18,35,15
18,36,15
19,26,15
19,27,15
19,29,15
19,30,15
19,31,15
19,32,15
19,33,15
19,34,15
19,37,15
19,38,15
20,25,15
20,26,15
20,27,15
20,29,15
20,30,15
20,31,15
20,32,15
20,33,15
20,34,15
20,39,15
21,24,15
21,25,15
21,27,15
21,36,15
21,40,15
22,23,15
22,24,15
22,41,15
23,22,15
23,23,15
23,42,15
24,21,15
24,22,15
24,30,15
24,34,15
24,43,15
25,20,15
25,21,15
25,26,15
25,28,15
25,29,15
25,34,15
25,36,15
25,37,15
26,19,15
26,20,15
26,25,15
26,27,15
26,37,15
26,38,15
26,41,15
26,44,15
27,19,15
27,20,15
27,21,15
27,26,15
27,29,15
27,38,15
27,39,15
27,45,15
28,18,15
28,25,15
28,37,15
28,40,15
28,42,15
28,45,15
29,18,15
29,19,15
29,20,15
29,25,15
29,27,15
29,43,15
29,45,15
30,18,15
30,19,15
30,20,15
30,24,15
30,39,15
30,42,15
30,43,15
30,45,15
31,18,15
31,19,15
31,20,15
31,43,15
31,45,15
32,18,15
32,19,15
32,20,15
32,39,15
32,43,15
32,45,15
33,18,15
33,19,15
33,20,15
33,42,15
33,43,15
33,45,15
34,18,15
34,19,15
34,20,15
34,24,15
34,25,15
34,34,15
34,36,15
34,39,15
34,43,15
34,45,15
35,18,15
35,35,15
35,38,15
35,42,15
35,43,15
35,45,15
36,18,15
36,21,15
36,25,15
36,34,15
37,19,15
37,25,15
37,26,15
37,28,15
37,38,15
37,41,15
37,44,15
38,19,15
38,26,15
38,27,15
38,35,15
38,37,15
39,20,15
39,27,15
39,30,15
39,32,15
39,34,15
40,21,15
40,28,15
41,22,15
41,26,15
41,37,15
42,23,15
42,28,15
42,30,15
42,33,15
42,35,15
43,24,15
43,29,15
43,30,15
43,31,15
43,32,15
43,33,15
43,34,15
43,35,15
44,26,15
44,37,15
45,27,15
45,28,15
45,29,15
45,30,15
45,31,15
45,32,15
45,33,15
45,34,15
45,35,15
18,28,16
18,29,16
18,30,16
18,31,16
18,32,16
18,33,16
18,34,16
18,35,16
18,36,16
19,26,16
19,27,16
19,29,16
19,30,16
19,31,16
19,32,16
19,33,16
19,34,16
19,37,16
19,38,16
20,25,16
20,26,16
20,27,16
20,29,16
20,30,16
20,31,16
20,32,16
20,33,16
20,34,16
20,39,16
21,24,16
21,25,16
21,27,16
21,36,16
21,40,16
22,23,16
22,24,16
22,41,16
23,22,16
23,23,16
23,42,16
24,21,16
24,22,16
24,30,16
24,34,16
24,43,16
25,20,16
25,21,16
25,26,16
25,28,16
25,29,16
25,34,16
25,36,16
25,37,16
26,19,16
26,20,16
26,25,16
26,27,16
26,37,16
26,38,16
26,41,16
26,44,16
27,19,16
27,20,16
27,21,16
27,26,16
27,29,16
27,38,16
27,39,16
27,45,16
28,18,16
28,25,16
28,37,16
28,40,16
28,42,16
28,45,16
29,18,16
29,19,16
29,20,16
29,25,16
29,27,16
29,43,16
29,45,16
30,18,16
30,19,16
30,20,16
30,24,16
30,39,16
30,42,16
30,43,16
30,45,16
31,18,16
31,19,16
31,20,16
31,43,16
31,45,16
32,18,16
32,19,16
32,20,16
32,39,16
32,43,16
32,45,16
33,18,16
33,19,16
33,20,16
33,42,16
33,43,16
33,45,16
34,18,16
34,19,16
34,20,16
34,24,16
34,25,16
34,34,16
34,36,16
34,39,16
34,43,16
34,45,16
35,18,16
35,35,16
35,38,16
35,42,16
35,43,16
35,45,16
36,18,16
36,21,16
36,25,16
36,34,16
37,19,16
37,25,16
37,26,16
37,28,16
37,38,16
37,41,16
37,44,16
38,19,16
38,26,16
38,27,16
38,35,16
38,37,16
39,20,16
39,27,16
39,30,16
39,32,16
39,34,16
40,21,16
40,28,16
41,22,16
41,26,16
41,37,16
42,23,16
42,28,16
42,30,16
42,33,16
42,35,16
43,24,16
43,29,16
43,30,16
43,31,16
43,32,16
43,33,16
43,34,16
43,35,16
44,26,16
44,37,16
45,27,16
45,28,16
45,29,16
45,30,16
45,31,16
45,32,16
45,33,16
45,34,16
45,35,16
18,28,17
18,29,17
18,30,17
18,31,17
18,32,17
18,33,17
18,34,17
18,35,17
18,36,17
19,26,17
19,27,17
19,29,17
19,30,17
19,31,17
19,32,17
19,33,17
19,34,17
19,37,17
19,38,17
20,25,17
20,26,17
20,27,17
20,29,17
20,30,17
20,31,17
20,32,17
20,33,17
20,34,17
20,39,17
21,24,17
21,25,17
21,27,17
21,36,17
21,40,17
22,23,17
22,24,17
22,41,17
23,22,17
23,23,17
23,42,17
24,21,17
24,22,17
24,30,17
24,34,17
24,43,17
25,20,17
25,21,17
25,26,17
25,28,17
25,29,17
25,34,17
25,36,17
25,37,17
26,19,17
26,20,17
26,25,17
26,27,17
26,37,17
26,38,17
26,41,17
26,44,17
27,19,17
27,20,17
27,21,17
27,26,17
27,29,17
27,38,17
27,39,17
27,45,17
28,18,17
28,25,17
28,37,17
28,40,17
28,42,17
28,45,17
29,18,17
29,19,17
29,20,17
29,25,17
29,27,17
29,43,17
29,45,17
30,18,17
30,19,17
30,20,17
30,24,17
30,39,17
30,42,17
30,43,17
30,45,17
31,18,17
31,19,17
31,20,17
31,43,17
31,45,17
32,18,17
32,19,17
32,20,17
32,39,17
32,43,17
32,45,17
33,18,17
33,19,17
33,20,17
33,42,17
33,43,17
33,45,17
34,18,17
34,19,17
34,20,17
34,24,17
34,25,17
34,34,17
34,36,17
34,39,17
34,43,17
34,45,17
35,18,17
35,35,17
35,38,17
35,42,17
35,43,17
35,45,17
36,18,17
36,21,17
36,25,17
36,34,17
37,19,17
37,25,17
37,26,17
37,28,17
37,38,17
37,41,17
37,44,17
38,19,17
38,26,17
38,27,17
38,35,17
38,37,17
39,20,17
39,27,17
39,30,17
39,32,17
39,34,17
40,21,17
40,28,17
41,22,17
41,26,17
41,37,17
42,23,17
42,28,17
42,30,17
42,33,17
42,35,17
43,24,17
43,29,17
43,30,17
43,31,17
43,32,17
43,33,17
43,34,17
43,35,17
44,26,17
44,37,17
45,27,17
45,28,17
45,29,17
45,30,17
45,31,17
45,32,17
45,33,17
45,34,17
45,35,17
18,28,18
18,29,18
18,30,18
18,31,18
18,32,18
18,33,18
18,34,18
18,35,18
18,36,18
19,26,18
19,27,18
19,29,18
19,30,18
19,31,18
19,32,18
19,33,18
19,34,18
19,37,18
19,38,18
20,25,18
20,26,18
20,27,18
20,29,18
20,30,18
20,31,18
20,32,18
20,33,18
20,34,18
20,39,18
21,24,18
21,25,18
21,27,18
21,36,18
21,40,18
22,23,18
22,24,18
22,41,18
23,22,18
23,23,18
23,42,18
24,21,18
24,22,18
24,30,18
24,34,18
24,43,18
25,20,18
25,21,18
25,26,18
25,28,18
25,29,18
25,34,18
25,36,18
25,37,18
26,19,18
26,20,18
26,25,18
26,27,18
26,37,18
26,38,18
26,41,18
26,44,18
27,19,18
27,20,18
27,21,18
27,26,18
27,29,18
27,38,18
27,39,18
27,45,18
28,18,18
28,25,18
28,37,18
28,40,18
28,42,18
28,45,18
29,18,18
29,19,18
29,20,18
29,25,18
29,27,18
29,43,18
29,45,18
30,18,18
30,19,18
30,20,18
30,24,18
30,39,18
30,42,18
30,43,18
30,45,18
31,18,18
31,19,18
31,20,18
31,43,18
31,45,18
32,18,18
32,19,18
32,20,18
32,39,18
32,43,18
32,45,18
33,18,18
33,19,18
33,20,18
33,42,18
33,43,18
33,45,18
34,18,18
34,19,18
34,20,18
34,24,18
34,25,18
34,34,18
34,36,18
34,39,18
34,43,18
34,45,18
35,18,18
35,35,18
35,38,18
35,42,18
35,43,18
35,45,18
36,18,18
36,21,18
36,25,18
36,34,18
37,19,18
37,25,18
37,26,18
37,28,18
37,38,18
37,41,18
37,44,18
38,19,18
38,26,18
38,27,18
38,35,18
38,37,18
39,20,18
39,27,18
39,30,18
39,32,18
39,34,18
40,21,18
40,28,18
41,22,18
41,26,18
41,37,18
42,23,18
42,28,18
42,30,18
42,33,18
42,35,18
43,24,18
43,29,18
43,30,18
43,31,18
43,32,18
43,33,18
43,34,18
43,35,18
44,26,18
44,37,18
45,27,18
45,28,18
45,29,18
45,30,18
45,31,18
45,32,18
45,33,18
45,34,18
45,35,18
18,28,19
18,29,19
18,30,19
18,31,19
18,32,19
18,33,19
18,34,19
18,35,19
18,36,19
19,26,19
19,27,19
19,29,19
19,30,19
19,31,19
19,32,19
19,33,19
19,34,19
19,37,19
19,38,19
20,25,19
20,26,19
20,27,19
20,29,19
20,30,19
20,31,19
20,32,19
20,33,19
20,34,19
20,39,19
21,24,19
21,25,19
21,27,19
21,36,19
21,40,19
22,23,19
22,24,19
22,41,19
23,22,19
23,23,19
23,42,19
24,21,19
24,22,19
24,30,19
24,34,19
24,43,19
25,20,19
25,21,19
25,26,19
25,28,19
25,29,19
25,34,19
25,36,19
25,37,19
26,19,19
26,20,19
26,25,19
26,27,19
26,37,19
26,38,19
26,41,19
26,44,19
27,19,19
27,20,19
27,21,19
27,26,19
27,29,19
27,38,19
27,39,19
27,45,19
28,18,19
28,25,19
28,37,19
28,40,19
28,42,19
28,45,19
29,18,19
29,19,19
29,20,19
29,25,19
29,27,19
29,43,19
29,45,19
30,18,19
30,19,19
30,20,19
30,24,19
30,39,19
30,42,19
30,43,19
30,45,19
31,18,19
31,19,19
31,20,19
31,43,19
31,45,19
32,18,19
32,19,19
32,20,19
32,39,19
32,43,19
32,45,19
33,18,19
33,19,19
33,20,19
33,42,19
33,43,19
33,45,19
34,18,19
34,19,19
34,20,19
34,24,19
34,25,19
34,34,19
34,36,19
34,39,19
34,43,19
34,45,19
35,18,19
35,35,19
35,38,19
35,42,19
35,43,19
35,45,19
36,18,19
36,21,19
36,25,19
36,34,19
37,19,19
37,25,19
37,26,19
37,28,19
37,38,19
37,41,19
37,44,19
38,19,19
38,26,19
38,27,19
38,35,19
38,37,19
39,20,19
39,27,19
39,30,19
39,32,19
39,34,19
40,21,19
40,28,19
41,22,19
41,26,19
41,37,19
42,23,19
42,28,19
42,30,19
42,33,19
42,35,19
43,24,19
43,29,19
43,30,19
43,31,19
43,32,19
43,33,19
43,34,19
43,35,19
44,26,19
44,37,19
45,27,19
45,28,19
45,29,19
45,30,19
45,31,19
45,32,19
45,33,19
45,34,19
45,35,19
18,28,20
18,29,20
18,30,20
18,31,20
18,32,20
18,33,20
18,34,20
18,35,20
18,36,20
19,26,20
19,27,20
19,29,20
19,30,20
19,31,20
19,32,20
19,33,20
19,34,20
19,37,20
19,38,20
20,25,20
20,26,20
20,27,20
20,29,20
20,30,20
20,31,20
20,32,20
20,33,20
20,34,20
20,39,20
21,24,20
21,25,20
21,27,20
21,36,20
21,40,20
22,23,20
22,24,20
22,41,20
23,22,20
23,23,20
23,42,20
24,21,20
24,22,20
24,30,20
24,34,20
24,43,20
25,20,20
25,21,20
25,26,20
25,28,20
25,29,20
25,34,20
25,36,20
25,37,20
26,19,20
26,20,20
26,25,20
26,27,20
26,37,20
26,38,20
26,41,20
26,44,20
27,19,20
27,20,20
27,21,20
27,26,20
27,29,20
27,38,20
27,39,20
27,45,20
28,18,20
28,25,20
28,37,20
28,40,20
28,42,20
28,45,20
29,18,20
29,19,20
29,20,20
29,25,20
29,27,20
29,43,20
29,45,20
30,18,20
30,19,20
30,20,20
30,24,20
30,39,20
30,42,20
30,43,20
30,45,20
31,18,20
31,19,20
31,20,20
31,43,20
31,45,20
32,18,20
32,19,20
32,20,20
32,39,20
32,43,20
32,45,20
33,18,20
33,19,20
33,20,20
33,42,20
33,43,20
33,45,20
34,18,20
34,19,20
34,20,20
34,24,20
34,25,20
34,34,20
34,36,20
34,39,20
34,43,20
34,45,20
35,18,20
35,35,20
35,38,20
35,42,20
35,43,20
35,45,20
36,18,20
36,21,20
36,25,20
36,34,20
37,19,20
37,25,20
37,26,20
37,28,20
37,38,20
37,41,20
37,44,20
38,19,20
38,26,20
38,27,20
38,35,20
38,37,20
39,20,20
39,27,20
39,30,20
39,32,20
39,34,20
40,21,20
40,28,20
41,22,20
41,26,20
41,37,20
42,23,20
42,28,20
42,30,20
42,33,20
42,35,20
43,24,20
43,29,20
43,30,20
43,31,20
43,32,20
43,33,20
43,34,20
43,35,20
44,26,20
44,37,20
45,27,20
45,28,20
45,29,20
45,30,20
45,31,20
45,32,20
45,33,20
45,34,20
45,35,20
18,28,21
18,29,21
18,30,21
18,31,21
18,32,21
18,33,21
18,34,21
18,35,21
18,36,21
19,26,21
19,27,21
19,29,21
19,30,21
19,31,21
19,32,21
19,33,21
19,34,21
19,37,21
19,38,21
20,25,21
20,26,21
20,27,21
20,29,21
20,30,21
20,31,21
20,32,21
20,33,21
20,34,21
20,39,21
21,24,21
21,25,21
21,27,21
21,36,21
21,40,21
22,23,21
22,24,21
22,41,21
23,22,21
23,23,21
23,42,21
24,21,21
24,22,21
24,30,21
24,34,21
24,43,21
25,20,21
25,21,21
25,26,21
25,28,21
25,29,21
25,34,21
25,36,21
25,37,21
26,19,21
26,20,21
26,25,21
26,27,21
26,37,21
26,38,21
26,41,21
26,44,21
27,19,21
27,20,21
27,21,21
27,26,21
27,29,21
27,38,21
27,39,21
27,45,21
28,18,21
28,25,21
28,37,21
28,40,21
28,42,21
28,45,21
29,18,21
29,19,21
29,20,21
29,25,21
29,27,21
29,43,21
29,45,21
30,18,21
30,19,21
30,20,21
30,24,21
30,39,21
30,42,21
30,43,21
30,45,21
31,18,21
31,19,21
31,20,21
31,43,21
31,45,21
32,18,21
32,19,21
32,20,21
32,39,21
32,43,21
32,45,21
33,18,21
33,19,21
33,20,21
33,42,21
33,43,21
33,45,21
34,18,21
34,19,21
34,20,21
34,24,21
34,25,21
34,34,21
34,36,21
34,39,21
34,43,21
34,45,21
35,18,21
35,35,21
35,38,21
35,42,21
35,43,21
35,45,21
36,18,21
36,21,21
36,25,21
36,34,21
37,19,21
37,25,21
37,26,21
37,28,21
37,38,21
37,41,21
37,44,21
38,19,21
38,26,21
38,27,21
38,35,21
38,37,21
39,20,21
39,27,21
39,30,21
39,32,21
39,34,21
40,21,21
40,28,21
41,22,21
41,26,21
41,37,21
42,23,21
42,28,21
42,30,21
42,33,21
42,35,21
43,24,21
43,29,21
43,30,21
43,31,21
43,32,21
43,33,21
43,34,21
43,35,21
44,26,21
44,37,21
45,27,21
45,28,21
45,29,21
45,30,21
45,31,21
45,32,21
45,33,21
45,34,21
45,35,21
18,28,22
18,29,22
18,30,22
18,31,22
18,32,22
18,33,22
18,34,22
18,35,22
18,36,22
19,26,22
19,27,22
19,29,22
19,30,22
19,31,22
19,32,22
19,33,22
19,34,22
19,37,22
19,38,22
20,25,22
20,26,22
20,27,22
20,29,22
20,30,22
20,31,22
20,32,22
20,33,22
20,34,22
20,39,22
21,24,22
21,25,22
21,27,22
21,36,22
21,40,22
22,23,22
22,24,22
22,41,22
23,22,22
23,23,22
23,42,22
24,21,22
24,22,22
24,30,22
24,34,22
24,43,22
25,20,22
25,21,22
25,26,22
25,28,22
25,29,22
25,34,22
25,36,22
25,37,22
26,19,22
26,20,22
26,25,22
26,27,22
26,37,22
26,38,22
26,41,22
26,44,22
27,19,22
27,20,22
27,21,22
27,26,22
27,29,22
27,38,22
27,39,22
27,45,22
28,18,22
28,25,22
28,37,22
28,40,22
28,42,22
28,45,22
29,18,22
29,19,22
29,20,22
29,25,22
29,27,22
29,43,22
29,45,22
30,18,22
30,19,22
30,20,22
30,24,22
30,39,22
30,42,22
30,43,22
30,45,22
31,18,22
31,19,22
31,20,22
31,43,22
31,45,22
32,18,22
32,19,22
32,20,22
32,39,22
32,43,22
32,45,22
33,18,22
33,19,22
33,20,22
33,42,22
33,43,22
33,45,22
34,18,22
34,19,22
34,20,22
34,24,22
34,25,22
34,34,22
34,36,22
34,39,22
34,43,22
34,45,22
35,18,22
35,35,22
35,38,22
35,42,22
35,43,22
35,45,22
36,18,22
36,21,22
36,25,22
36,34,22
37,19,22
37,25,22
37,26,22
37,28,22
37,38,22
37,41,22
37,44,22
38,19,22
38,26,22
38,27,22
38,35,22
38,37,22
39,20,22
39,27,22
39,30,22
39,32,22
39,34,22
40,21,22
40,28,22
41,22,22
41,26,22
41,37,22
42,23,22
42,28,22
42,30,22
42,33,22
42,35,22
43,24,22
43,29,22
43,30,22
43,31,22
43,32,22
43,33,22
43,34,22
43,35,22
44,26,22
44,37,22
45,27,22
45,28,22
45,29,22
45,30,22
45,31,22
45,32,22
45,33,22
45,34,22
45,35,22
18,28,23
18,29,23
18,30,23
18,31,23
18,32,23
18,33,23
18,34,23
18,35,23
18,36,23
19,26,23
19,27,23
19,29,23
19,30,23
19,31,23
19,32,23
19,33,23
19,34,23
19,37,23
19,38,23
20,25,23
20,26,23
20,27,23
20,29,23
20,30,23
20,31,23
20,32,23
20,33,23
20,34,23
20,39,23
21,24,23
21,25,23
21,27,23
21,36,23
21,40,23
22,23,23
22,24,23
22,41,23
23,22,23
23,23,23
23,42,23
24,21,23
24,22,23
24,30,23
24,34,23
24,43,23
25,20,23
25,21,23
25,26,23
25,28,23
25,29,23
25,34,23
25,36,23
25,37,23
26,19,23
26,20,23
26,25,23
26,27,23
26,37,23
26,38,23
26,41,23
26,44,23
27,19,23
27,20,23
27,21,23
27,26,23
27,29,23
27,38,23
27,39,23
27,45,23
28,18,23
28,25,23
28,37,23
28,40,23
28,42,23
28,45,23
29,18,23
29,19,23
29,20,23
29,25,23
29,27,23
29,43,23
29,45,23
30,18,23
30,19,23
30,20,23
30,24,23
30,39,23
30,42,23
30,43,23
30,45,23
31,18,23
31,19,23
31,20,23
31,43,23
31,45,23
32,18,23
32,19,23
32,20,23
32,39,23
32,43,23
32,45,23
33,18,23
33,19,23
33,20,23
33,42,23
33,43,23
33,45,23
34,18,23
34,19,23
34,20,23
34,24,23
34,25,23
34,34,23
34,36,23
34,39,23
34,43,23
34,45,23
35,18,23
35,35,23
35,38,23
35,42,23
35,43,23
35,45,23
36,18,23
36,21,23
36,25,23
36,34,23
37,19,23
37,25,23
37,26,23
37,28,23
37,38,23
37,41,23
37,44,23
38,19,23
38,26,23
38,27,23
38,35,23
38,37,23
39,20,23
39,27,23
39,30,23
39,32,23
39,34,23
40,21,23
40,28,23
41,22,23
41,26,23
41,37,23
42,23,23
42,28,23
42,30,23
42,33,23
42,35,23
43,24,23
43,29,23
43,30,23
43,31,23
43,32,23
43,33,23
43,34,23
43,35,23
44,26,23
44,37,23
45,27,23
45,28,23
45,29,23
45,30,23
45,31,23
45,32,23
45,33,23
45,34,23
45,35,23
18,28,24
18,29,24
18,30,24
18,31,24
18,32,24
18,33,24
18,34,24
18,35,24
18,36,24
19,26,24
19,27,24
19,29,24
19,30,24
19,31,24
19,32,24
19,33,24
19,34,24
19,37,24
19,38,24
20,25,24
20,26,24
20,27,24
20,29,24
20,30,24
20,31,24
20,32,24
20,33,24
20,34,24
20,39,24
21,24,24
21,25,24
21,27,24
21,36,24
21,40,24
22,23,24
22,24,24
22,41,24
23,22,24
23,23,24
23,42,24
24,21,24
24,22,24
24,30,24
24,34,24
24,43,24
25,20,24
25,21,24
25,26,24
25,28,24
25,29,24
25,34,24
25,36,24
25,37,24
26,19,24
26,20,24
26,25,24
26,27,24
26,37,24
26,38,24
26,41,24
26,44,24
27,19,24
27,20,24
27,21,24
27,26,24
27,29,24
27,38,24
27,39,24
27,45,24
28,18,24
28,25,24
28,37,24
28,40,24
28,42,24
28,45,24
29,18,24
29,19,24
29,20,24
29,25,24
29,27,24
29,43,24
29,45,24
30,18,24
30,19,24
30,20,24
30,24,24
30,39,24
30,42,24
30,43,24
30,45,24
31,18,24
31,19,24
31,20,24
31,43,24
31,45,24
32,18,24
32,19,24
32,20,24
32,39,24
32,43,24
32,45,24
33,18,24
33,19,24
33,20,24
33,42,24
33,43,24
33,45,24
34,18,24
34,19,24
34,20,24
34,24,24
34,25,24
34,34,24
34,36,24
34,39,24
34,43,24
34,45,24
35,18,24
35,35,24
35,38,24
35,42,24
35,43,24
35,45,24
36,18,24
36,21,24
36,25,24
36,34,24
37,19,24
37,25,24
37,26,24
37,28,24
37,38,24
37,41,24
37,44,24
38,19,24
38,26,24
38,27,24
38,35,24
38,37,24
39,20,24
39,27,24
39,30,24
39,32,24
39,34,24
40,21,24
40,28,24
41,22,24
41,26,24
41,37,24
42,23,24
42,28,24
42,30,24
42,33,24
42,35,24
43,24,24
43,29,24
43,30,24
43,31,24
43,32,24
43,33,24
43,34,24
43,35,24
44,26,24
44,37,24
45,27,24
45,28,24
45,29,24
45,30,24
45,31,24
45,32,24
45,33,24
45,34,24
45,35,24
18,28,25
18,29,25
18,30,25
18,31,25
18,32,25
18,33,25
18,34,25
18,35,25
18,36,25
19,26,25
19,27,25
19,29,25
19,30,25
19,31,25
19,32,25
19,33,25
19,34,25
19,37,25
19,38,25
20,25,25
20,26,25
20,27,25
20,29,25
20,30,25
20,31,25
20,32,25
20,33,25
20,34,25
20,39,25
21,24,25
21,25,25
21,27,25
21,36,25
21,40,25
22,23,25
22,24,25
22,41,25
23,22,25
23,23,25
23,42,25
24,21,25
24,22,25
24,30,25
24,34,25
24,43,25
25,20,25
25,21,25
25,26,25
25,28,25
25,29,25
25,34,25
25,36,25
25,37,25
26,19,25
26,20,25
26,25,25
26,27,25
26,37,25
26,38,25
26,41,25
26,44,25
27,19,25
27,20,25
27,21,25
27,26,25
27,29,25
27,38,25
27,39,25
27,45,25
28,18,25
28,25,25
28,37,25
28,40,25
28,42,25
28,45,25
29,18,25
29,19,25
29,20,25
29,25,25
29,27,25
29,43,25
29,45,25
30,18,25
30,19,25
30,20,25
30,24,25
30,39,25
30,42,25
30,43,25
30,45,25
31,18,25
31,19,25
31,20,25
31,43,25
31,45,25
32,18,25
32,19,25
32,20,25
32,39,25
32,43,25
32,45,25
33,18,25
33,19,25
33,20,25
33,42,25
33,43,25
33,45,25
34,18,25
34,19,25
34,20,25
34,24,25
34,25,25
34,34,25
34,36,25
34,39,25
34,43,25
34,45,25
35,18,25
35,35,25
35,38,25
35,42,25
35,43,25
35,45,25
36,18,25
36,21,25
36,25,25
36,34,25
37,19,25
37,25,25
37,26,25
37,28,25
37,38,25
37,41,25
37,44,25
38,19,25
38,26,25
38,27,25
38,35,25
38,37,25
39,20,25
39,27,25
39,30,25
39,32,25
39,34,25
40,21,25
40,28,25
41,22,25
41,26,25
41,37,25
42,23,25
42,28,25
42,30,25
42,33,25
42,35,25
43,24,25
43,29,25
43,30,25
43,31,25
43,32,25
43,33,25
43,34,25
43,35,25
44,26,25
44,37,25
45,27,25
45,28,25
45,29,25
45,30,25
45,31,25
45,32,25
45,33,25
45,34,25
45,35,25
18,28,26
18,29,26
18,30,26
18,31,26
18,32,26
18,33,26
18,34,26
18,35,26
18,36,26
19,26,26
19,27,26
19,29,26
19,30,26
19,31,26
19,32,26
19,33,26
19,34,26
19,37,26
19,38,26
20,25,26
20,26,26
20,27,26
20,29,26
20,30,26
20,31,26
20,32,26
20,33,26
20,34,26
20,39,26
21,24,26
21,25,26
21,27,26
21,36,26
21,40,26
22,23,26
22,24,26
22,41,26
23,22,26
23,23,26
23,42,26
24,21,26
24,22,26
24,30,26
24,34,26
24,43,26
25,20,26
25,21,26
25,26,26
25,28,26
25,29,26
25,34,26
25,36,26
25,37,26
26,19,26
26,20,26
26,25,26
26,27,26
26,37,26
26,38,26
26,41,26
26,44,26
27,19,26
27,20,26
27,21,26
27,26,26
27,29,26
27,38,26
27,39,26
27,45,26
28,18,26
28,25,26
28,37,26
28,40,26
28,42,26
28,45,26
29,18,26
29,19,26
29,20,26
29,25,26
29,27,26
29,43,26
29,45,26
30,18,26
30,19,26
30,20,26
30,24,26
30,39,26
30,42,26
30,43,26
30,45,26
31,18,26
31,19,26
31,20,26
31,43,26
31,45,26
32,18,26
32,19,26
32,20,26
32,39,26
32,43,26
32,45,26
33,18,26
33,19,26
33,20,26
33,42,26
33,43,26
33,45,26
34,18,26
34,19,26
34,20,26
34,24,26
34,25,26
34,34,26
34,36,26
34,39,26
34,43,26
34,45,26
35,18,26
35,35,26
35,38,26
35,42,26
35,43,26
35,45,26
36,18,26
36,21,26
36,25,26
36,34,26
37,19,26
37,25,26
37,26,26
37,28,26
37,38,26
37,41,26
37,44,26
38,19,26
38,26,26
38,27,26
38,35,26
38,37,26
39,20,26
39,27,26
39,30,26
39,32,26
39,34,26
40,21,26
40,28,26
41,22,26
41,26,26
41,37,26
42,23,26
42,28,26
42,30,26
42,33,26
42,35,26
43,24,26
43,29,26
43,30,26
43,31,26
43,32,26
43,33,26
43,34,26
43,35,26
44,26,26
44,37,26
45,27,26
45,28,26
45,29,26
45,30,26
45,31,26
45,32,26
45,33,26
45,34,26
45,35,26
18,28,27
18,29,27
18,30,27
18,31,27
18,32,27
18,33,27
18,34,27
18,35,27
18,36,27
19,26,27
19,27,27
19,29,27
19,30,27
19,31,27
19,32,27
19,33,27
19,34,27
19,37,27
19,38,27
20,25,27
20,26,27
20,27,27
20,29,27
20,30,27
20,31,27
20,32,27
20,33,27
20,34,27
20,39,27
21,24,27
21,25,27
21,27,27
21,36,27
21,40,27
22,23,27
22,24,27
22,41,27
23,22,27
23,23,27
23,42,27
24,21,27
24,22,27
24,30,27
24,34,27
24,43,27
25,20,27
25,21,27
25,26,27
25,28,27
25,29,27
25,34,27
25,36,27
25,37,27
26,19,27
26,20,27
26,25,27
26,27,27
26,37,27
26,38,27
26,41,27
26,44,27
27,19,27
27,20,27
27,21,27
27,26,27
27,29,27
27,38,27
27,39,27
27,45,27
28,18,27
28,25,27
28,37,27
28,40,27
28,42,27
28,45,27
29,18,27
29,19,27
29,20,27
29,25,27
29,27,27
29,43,27
29,45,27
30,18,27
30,19,27
30,20,27
30,24,27
30,39,27
30,42,27
30,43,27
30,45,27
31,18,27
31,19,27
31,20,27
31,43,27
31,45,27
32,18,27
32,19,27
32,20,27
32,39,27
32,43,27
32,45,27
33,18,27
33,19,27
33,20,27
33,42,27
33,43,27
33,45,27
34,18,27
34,19,27
34,20,27
34,24,27
34,25,27
34,34,27
34,36,27
34,39,27
34,43,27
34,45,27
35,18,27
35,35,27
35,38,27
35,42,27
35,43,27
35,45,27
36,18,27
36,21,27
36,25,27
36,34,27
37,19,27
37,25,27
37,26,27
37,28,27
37,38,27
37,41,27
37,44,27
38,19,27
38,26,27
38,27,27
38,35,27
38,37,27
39,20,27
39,27,27
39,30,27
39,32,27
39,34,27
40,21,27
40,28,27
41,22,27
41,26,27
41,37,27
42,23,27
42,28,27
42,30,27
42,33,27
42,35,27
43,24,27
43,29,27
43,30,27
43,31,27
43,32,27
43,33,27
43,34,27
43,35,27
44,26,27
44,37,27
45,27,27
45,28,27
45,29,27
45,30,27
45,31,27
45,32,27
45,33,27
45,34,27
45,35,27
18,28,28
18,29,28
18,30,28
18,31,28
18,32,28
18,33,28
18,34,28
18,35,28
18,36,28
19,26,28
19,27,28
19,29,28
19,30,28
19,31,28
19,32,28
19,33,28
19,34,28
19,37,28
19,38,28
20,25,28
20,26,28
20,27,28
20,29,28
20,30,28
20,31,28
20,32,28
20,33,28
20,34,28
20,39,28
21,24,28
21,25,28
21,27,28
21,36,28
21,40,28
22,23,28
22,24,28
22,41,28
23,22,28
23,23,28
23,42,28
24,21,28
24,22,28
24,30,28
24,34,28
24,43,28
25,20,28
25,21,28
25,26,28
25,28,28
25,29,28
25,34,28
25,36,28
25,37,28
26,19,28
26,20,28
26,25,28
26,27,28
26,37,28
26,38,28
26,41,28
26,44,28
27,19,28
27,20,28
27,21,28
27,26,28
27,29,28
27,38,28
27,39,28
27,45,28
28,18,28
28,25,28
28,37,28
28,40,28
28,42,28
28,45,28
29,18,28
29,19,28
29,20,28
29,25,28
29,27,28
29,43,28
29,45,28
30,18,28
30,19,28
30,20,28
30,24,28
30,39,28
30,42,28
30,43,28
30,45,28
31,18,28
31,19,28
31,20,28
31,43,28
31,45,28
32,18,28
32,19,28
32,20,28
32,39,28
32,43,28
32,45,28
33,18,28
33,19,28
33,20,28
33,42,28
33,43,28
33,45,28
34,18,28
34,19,28
34,20,28
34,24,28
34,25,28
34,34,28
34,36,28
34,39,28
34,43,28
34,45,28
35,18,28
35,35,28
35,38,28
35,42,28
35,43,28
35,45,28
36,18,28
36,21,28
36,25,28
36,34,28
37,19,28
37,25,28
37,26,28
37,28,28
37,38,28
37,41,28
37,44,28
38,19,28
38,26,28
38,27,28
38,35,28
38,37,28
39,20,28
39,27,28
39,30,28
39,32,28
39,34,28
40,21,28
40,28,28
41,22,28
41,26,28
41,37,28
42,23,28
42,28,28
42,30,28
42,33,28
42,35,28
43,24,28
43,29,28
43,30,28
43,31,28
43,32,28
43,33,28
43,34,28
43,35,28
44,26,28
44,37,28
45,27,28
45,28,28
45,29,28
45,30,28
45,31,28
45,32,28
45,33,28
45,34,28
45,35,28
18,28,29
18,29,29
18,30,29
18,31,29
18,32,29
18,33,29
18,34,29
18,35,29
18,36,29
19,26,29
19,27,29
19,29,29
19,30,29
19,31,29
19,32,29
19,33,29
19,34,29
19,37,29
19,38,29
20,25,29
20,26,29
20,27,29
20,29,29
20,30,29
20,31,29
20,32,29
20,33,29
20,34,29
20,39,29
21,24,29
21,25,29
21,27,29
21,36,29
21,40,29
22,23,29
22,24,29
22,41,29
23,22,29
23,23,29
23,42,29
24,21,29
24,22,29
24,30,29
24,34,29
24,43,29
25,20,29
25,21,29
25,26,29
25,28,29
25,29,29
25,34,29
25,36,29
25,37,29
26,19,29
26,20,29
26,25,29
26,27,29
26,37,29
26,38,29
26,41,29
26,44,29
27,19,29
27,20,29
27,21,29
27,26,29
27,29,29
27,38,29
27,39,29
27,45,29
28,18,29
28,25,29
28,37,29
28,40,29
28,42,29
28,45,29
29,18,29
29,19,29
29,20,29
29,25,29
29,27,29
29,43,29
29,45,29
30,18,29
30,19,29
30,20,29
30,24,29
30,39,29
30,42,29
30,43,29
30,45,29
31,18,29
31,19,29
31,20,29
31,43,29
31,45,29
32,18,29
32,19,29
32,20,29
32,39,29
32,43,29
32,45,29
33,18,29
33,19,29
33,20,29
33,42,29
33,43,29
33,45,29
34,18,29
34,19,29
34,20,29
34,24,29
34,25,29
34,34,29
34,36,29
34,39,29
34,43,29
34,45,29
35,18,29
35,35,29
35,38,29
35,42,29
35,43,29
35,45,29
36,18,29
36,21,29
36,25,29
36,34,29
37,19,29
37,25,29
37,26,29
37,28,29
37,38,29
37,41,29
37,44,29
38,19,29
38,26,29
38,27,29
38,35,29
38,37,29
39,20,29
39,27,29
39,30,29
39,32,29
39,34,29
40,21,29
40,28,29
41,22,29
41,26,29
41,37,29
42,23,29
42,28,29
42,30,29
42,33,29
42,35,29
43,24,29
43,29,29
43,30,29
43,31,29
43,32,29
43,33,29
43,34,29
43,35,29
44,26,29
44,37,29
45,27,29
45,28,29
45,29,29
45,30,29
45,31,29
45,32,29
45,33,29
45,34,29
45,35,29
18,28,30
18,29,30
18,30,30
18,31,30
18,32,30
18,33,30
18,34,30
18,35,30
18,36,30
19,26,30
19,27,30
19,29,30
19,30,30
19,31,30
19,32,30
19,33,30
19,34,30
19,37,30
19,38,30
20,25,30
20,26,30
20,27,30
20,29,30
20,30,30
20,31,30
20,32,30
20,33,30
20,34,30
20,39,30
21,24,30
21,25,30
21,27,30
21,36,30
21,40,30
22,23,30
22,24,30
22,41,30
23,22,30
23,23,30
23,42,30
24,21,30
24,22,30
24,30,30
24,34,30
24,43,30
25,20,30
25,21,30
25,26,30
25,28,30
25,29,30
25,34,30
25,36,30
25,37,30
26,19,30
26,20,30
26,25,30
26,27,30
26,37,30
26,38,30
26,41,30
26,44,30
27,19,30
27,20,30
27,21,30
27,26,30
27,29,30
27,38,30
27,39,30
27,45,30
28,18,30
28,25,30
28,37,30
28,40,30
28,42,30
28,45,30
29,18,30
29,19,30
29,20,30
29,25,30
29,27,30
29,43,30
29,45,30
30,18,30
30,19,30
30,20,30
30,24,30
30,39,30
30,42,30
30,43,30
30,45,30
31,18,30
31,19,30
31,20,30
31,43,30
31,45,30
32,18,30
32,19,30
32,20,30
32,39,30
32,43,30
32,45,30
33,18,30
33,19,30
33,20,30
33,42,30
33,43,30
33,45,30
34,18,30
34,19,30
34,20,30
34,24,30
34,25,30
34,34,30
34,36,30
34,39,30
34,43,30
34,45,30
35,18,30
35,35,30
35,38,30
35,42,30
35,43,30
35,45,30
36,18,30
36,21,30
36,25,30
36,34,30
37,19,30
37,25,30
37,26,30
37,28,30
37,38,30
37,41,30
37,44,30
38,19,30
38,26,30
38,27,30
38,35,30
38,37,30
39,20,30
39,27,30
39,30,30
39,32,30
39,34,30
40,21,30
40,28,30
41,22,30
41,26,30
41,37,30
42,23,30
42,28,30
42,30,30
42,33,30
42,35,30
43,24,30
43,29,30
43,30,30
43,31,30
43,32,30
43,33,30
43,34,30
43,35,30
44,26,30
44,37,30
45,27,30
45,28,30
45,29,30
45,30,30
45,31,30
45,32,30
45,33,30
45,34,30
45,35,30
18,28,31
18,29,31
18,30,31
18,31,31
18,32,31
18,33,31
18,34,31
18,35,31
18,36,31
19,26,31
19,27,31
19,29,31
19,30,31
19,31,31
19,32,31
19,33,31
19,34,31
19,37,31
19,38,31
20,25,31
20,26,31
20,27,31
20,29,31
20,30,31
20,31,31
20,32,31
20,33,31
20,34,31
20,39,31
21,24,31
21,25,31
21,27,31
21,36,31
21,40,31
22,23,31
22,24,31
22,41,31
23,22,31
23,23,31
23,42,31
24,21,31
24,22,31
24,30,31
24,34,31
24,43,31
25,20,31
25,21,31
25,26,31
25,28,31
25,29,31
25,34,31
25,36,31
25,37,31
26,19,31
26,20,31
26,25,31
26,27,31
26,37,31
26,38,31
26,41,31
26,44,31
27,19,31
27,20,31
27,21,31
27,26,31
27,29,31
27,38,31
27,39,31
27,45,31
28,18,31
28,25,31
28,37,31
28,40,31
28,42,31
28,45,31
29,18,31
29,19,31
29,20,31
29,25,31
29,27,31
29,43,31
29,45,31
30,18,31
30,19,31
30,20,31
30,24,31
30,39,31
30,42,31
30,43,31
30,45,31
31,18,31
31,19,31
31,20,31
31,43,31
31,45,31
32,18,31
32,19,31
32,20,31
32,39,31
32,43,31
32,45,31
33,18,31
33,19,31
33,20,31
33,42,31
33,43,31
33,45,31
34,18,31
34,19,31
34,20,31
34,24,31
34,25,31
34,34,31
34,36,31
34,39,31
34,43,31
34,45,31
35,18,31
35,35,31
35,38,31
35,42,31
35,43,31
35,45,31
36,18,31
36,21,31
36,25,31
36,34,31
37,19,31
37,25,31
37,26,31
37,28,31
37,38,31
37,41,31
37,44,31
38,19,31
38,26,31
38,27,31
38,35,31
38,37,31
39,20,31
39,27,31
39,30,31
39,32,31
39,34,31
40,21,31
40,28,31
41,22,31
41,26,31
41,37,31
42,23,31
42,28,31
42,30,31
42,33,31
42,35,31
43,24,31
43,29,31
43,30,31
43,31,31
43,32,31
43,33,31
43,34,31
43,35,31
44,26,31
44,37,31
45,27,31
45,28,31
45,29,31
45,30,31
45,31,31
45,32,31
45,33,31
45,34,31
45,35,31
18,28,32
18,29,32
18,30,32
18,31,32
18,32,32
18,33,32
18,34,32
18,35,32
18,36,32
19,26,32
19,27,32
19,29,32
19,30,32
19,31,32
19,32,32
19,33,32
19,34,32
19,37,32
19,38,32
20,25,32
20,26,32
20,27,32
20,29,32
20,30,32
20,31,32
20,32,32
20,33,32
20,34,32
20,39,32
21,24,32
21,25,32
21,27,32
21,36,32
21,40,32
22,23,32
22,24,32
22,41,32
23,22,32
23,23,32
23,42,32
24,21,32
24,22,32
24,30,32
24,34,32
24,43,32
25,20,32
25,21,32
25,26,32
25,28,32
25,29,32
25,34,32
25,36,32
25,37,32
26,19,32
26,20,32
26,25,32
26,27,32
26,37,32
26,38,32
26,41,32
26,44,32
27,19,32
27,20,32
27,21,32
27,26,32
27,29,32
27,38,32
27,39,32
27,45,32
28,18,32
28,25,32
28,37,32
28,40,32
28,42,32
28,45,32
29,18,32
29,19,32
29,20,32
29,25,32
29,27,32
29,43,32
29,45,32
30,18,32
30,19,32
30,20,32
30,24,32
30,39,32
30,42,32
30,43,32
30,45,32
31,18,32
31,19,32
31,20,32
31,43,32
31,45,32
32,18,32
32,19,32
32,20,32
32,39,32
32,43,32
32,45,32
33,18,32
33,19,32
33,20,32
33,42,32
33,43,32
33,45,32
34,18,32
34,19,32
34,20,32
34,24,32
34,25,32
34,34,32
34,36,32
34,39,32
34,43,32
34,45,32
35,18,32
35,35,32
35,38,32
35,42,32
35,43,32
35,45,32
36,18,32
36,21,32
36,25,32
36,34,32
37,19,32
37,25,32
37,26,32
37,28,32
37,38,32
37,41,32
37,44,32
38,19,32
38,26,32
38,27,32
38,35,32
38,37,32
39,20,32
39,27,32
39,30,32
39,32,32
39,34,32
40,21,32
40,28,32
41,22,32
41,26,32
41,37,32
42,23,32
42,28,32
42,30,32
42,33,32
42,35,32
43,24,32
43,29,32
43,30,32
43,31,32
43,32,32
43,33,32
43,34,32
43,35,32
44,26,32
44,37,32
45,27,32
45,28,32
45,29,32
45,30,32
45,31,32
45,32,32
45,33,32
45,34,32
45,35,32
18,28,33
18,29,33
18,30,33
18,31,33
18,32,33
18,33,33
18,34,33
18,35,33
18,36,33
19,26,33
19,27,33
19,29,33
19,30,33
19,31,33
19,32,33
19,33,33
19,34,33
19,37,33
19,38,33
20,25,33
20,26,33
20,27,33
20,29,33
20,30,33
20,31,33
20,32,33
20,33,33
20,34,33
20,39,33
21,24,33
21,25,33
21,27,33
21,36,33
21,40,33
22,23,33
22,24,33
22,41,33
23,22,33
23,23,33
23,42,33
24,21,33
24,22,33
24,30,33
24,34,33
24,43,33
25,20,33
25,21,33
25,26,33
25,28,33
25,29,33
25,34,33
25,36,33
25,37,33
26,19,33
26,20,33
26,25,33
26,27,33
26,37,33
26,38,33
26,41,33
26,44,33
27,19,33
27,20,33
27,21,33
27,26,33
27,29,33
27,38,33
27,39,33
27,45,33
28,18,33
28,25,33
28,37,33
28,40,33
28,42,33
28,45,33
29,18,33
29,19,33
29,20,33
29,25,33
29,27,33
29,43,33
29,45,33
30,18,33
30,19,33
30,20,33
30,24,33
30,39,33
30,42,33
30,43,33
30,45,33
31,18,33
31,19,33
31,20,33
31,43,33
31,45,33
32,18,33
32,19,33
32,20,33
32,39,33
32,43,33
32,45,33
33,18,33
33,19,33
33,20,33
33,42,33
33,43,33
33,45,33
34,18,33
34,19,33
34,20,33
34,24,33
34,25,33
34,34,33
34,36,33
34,39,33
34,43,33
34,45,33
35,18,33
35,35,33
35,38,33
35,42,33
35,43,33
35,45,33
36,18,33
36,21,33
36,25,33
36,34,33
37,19,33
37,25,33
37,26,33
37,28,33
37,38,33
37,41,33
37,44,33
38,19,33
38,26,33
38,27,33
38,35,33
38,37,33
39,20,33
39,27,33
39,30,33
39,32,33
39,34,33
40,21,33
40,28,33
41,22,33
41,26,33
41,37,33
42,23,33
42,28,33
42,30,33
42,33,33
42,35,33
43,24,33
43,29,33
43,30,33
43,31,33
43,32,33
43,33,33
43,34,33
43,35,33
44,26,33
44,37,33
45,27,33
45,28,33
45,29,33
45,30,33
45,31,33
45,32,33
45,33,33
45,34,33
45,35,33
18,28,34
18,29,34
18,30,34
18,31,34
18,32,34
18,33,34
18,34,34
18,35,34
18,36,34
19,26,34
19,27,34
19,29,34
19,30,34
19,31,34
19,32,34
19,33,34
19,34,34
19,37,34
19,38,34
20,25,34
20,26,34
20,27,34
20,29,34
20,30,34
20,31,34
20,32,34
20,33,34
20,34,34
20,39,34
21,24,34
21,25,34
21,27,34
21,36,34
21,40,34
22,23,34
22,24,34
22,41,34
23,22,34
23,23,34
23,42,34
24,21,34
24,22,34
24,30,34
24,34,34
24,43,34
25,20,34
25,21,34
25,26,34
25,28,34
25,29,34
25,34,34
25,36,34
25,37,34
26,19,34
26,20,34
26,25,34
26,27,34
26,37,34
26,38,34
26,41,34
26,44,34
27,19,34
27,20,34
27,21,34
27,26,34
27,29,34
27,38,34
27,39,34
27,45,34
28,18,34
28,25,34
28,37,34
28,40,34
28,42,34
28,45,34
29,18,34
29,19,34
29,20,34
29,25,34
29,27,34
29,43,34
29,45,34
30,18,34
30,19,34
30,20,34
30,24,34
30,39,34
30,42,34
30,43,34
30,45,34
31,18,34
31,19,34
31,20,34
31,43,34
31,45,34
32,18,34
32,19,34
32,20,34
32,39,34
32,43,34
32,45,34
33,18,34
33,19,34
33,20,34
33,42,34
33,43,34
33,45,34
34,18,34
34,19,34
34,20,34
34,24,34
34,25,34
34,34,34
34,36,34
34,39,34
34,43,34
34,45,34
35,18,34
35,35,34
35,38,34
35,42,34
35,43,34
35,45,34
36,18,34
36,21,34
36,25,34
36,34,34
37,19,34
37,25,34
37,26,34
37,28,34
37,38,34
37,41,34
37,44,34
38,19,34
38,26,34
38,27,34
38,35,34
38,37,34
39,20,34
39,27,34
39,30,34
39,32,34
39,34,34
40,21,34
40,28,34
41,22,34
41,26,34
41,37,34
42,23,34
42,28,34
42,30,34
42,33,34
42,35,34
43,24,34
43,29,34
43,30,34
43,31,34
43,32,34
43,33,34
43,34,34
43,35,34
44,26,34
44,37,34
45,27,34
45,28,34
45,29,34
45,30,34
45,31,34
45,32,34
45,33,34
45,34,34
45,35,34
18,28,35
18,29,35
18,30,35
18,31,35
18,32,35
18,33,35
18,34,35
18,35,35
18,36,35
19,26,35
19,27,35
19,29,35
19,30,35
19,31,35
19,32,35
19,33,35
19,34,35
19,37,35
19,38,35
20,25,35
20,26,35
20,27,35
20,29,35
20,30,35
20,31,35
20,32,35
20,33,35
20,34,35
20,39,35
21,24,35
21,25,35
21,27,35
21,36,35
21,40,35
22,23,35
22,24,35
22,41,35
23,22,35
23,23,35
23,42,35
24,21,35
24,22,35
24,30,35
24,34,35
24,43,35
25,20,35
25,21,35
25,26,35
25,28,35
25,29,35
25,34,35
25,36,35
25,37,35
26,19,35
26,20,35
26,25,35
26,27,35
26,37,35
26,38,35
26,41,35
26,44,35
27,19,35
27,20,35
27,21,35
27,26,35
27,29,35
27,38,35
27,39,35
27,45,35
28,18,35
28,25,35
28,37,35
28,40,35
28,42,35
28,45,35
29,18,35
29,19,35
29,20,35
29,25,35
29,27,35
29,43,35
29,45,35
30,18,35
30,19,35
30,20,35
30,24,35
30,39,35
30,42,35
30,43,35
30,45,35
31,18,35
31,19,35
31,20,35
31,43,35
31,45,35
32,18,35
32,19,35
32,20,35
32,39,35
32,43,35
32,45,35
33,18,35
33,19,35
33,20,35
33,42,35
33,43,35
33,45,35
34,18,35
34,19,35
34,20,35
34,24,35
34,25,35
34,34,35
34,36,35
34,39,35
34,43,35
34,45,35
35,18,35
35,35,35
35,38,35
35,42,35
35,43,35
35,45,35
36,18,35
36,21,35
36,25,35
36,34,35
37,19,35
37,25,35
37,26,35
37,28,35
37,38,35
37,41,35
37,44,35
38,19,35
38,26,35
38,27,35
38,35,35
38,37,35
39,20,35
39,27,35
39,30,35
39,32,35
39,34,35
40,21,35
40,28,35
41,22,35
41,26,35
41,37,35
42,23,35
42,28,35
42,30,35
42,33,35
42,35,35
43,24,35
43,29,35
43,30,35
43,31,35
43,32,35
43,33,35
43,34,35
43,35,35
44,26,35
44,37,35
45,27,35
45,28,35
45,29,35
45,30,35
45,31,35
45,32,35
45,33,35
45,34,35
45,35,35
18,28,36
18,29,36
18,30,36
18,31,36
18,32,36
18,33,36
18,34,36
18,35,36
18,36,36
19,26,36
19,27,36
19,29,36
19,30,36
19,31,36
19,32,36
19,33,36
19,34,36
19,37,36
19,38,36
20,25,36
20,26,36
20,27,36
20,29,36
20,30,36
20,31,36
20,32,36
20,33,36
20,34,36
20,39,36
21,24,36
21,25,36
21,27,36
21,36,36
21,40,36
22,23,36
22,24,36
22,41,36
23,22,36
23,23,36
23,42,36
24,21,36
24,22,36
24,30,36
24,34,36
24,43,36
25,20,36
25,21,36
25,26,36
25,28,36
25,29,36
25,34,36
25,36,36
25,37,36
26,19,36
26,20,36
26,25,36
26,27,36
26,37,36
26,38,36
26,41,36
26,44,36
27,19,36
27,20,36
27,21,36
27,26,36
27,29,36
27,38,36
27,39,36
27,45,36
28,18,36
28,25,36
28,37,36
28,40,36
28,42,36
28,45,36
29,18,36
29,19,36
29,20,36
29,25,36
29,27,36
29,43,36
29,45,36
30,18,36
30,19,36
30,20,36
30,24,36
30,39,36
30,42,36
30,43,36
30,45,36
31,18,36
31,19,36
31,20,36
31,43,36
31,45,36
32,18,36
32,19,36
32,20,36
32,39,36
32,43,36
32,45,36
33,18,36
33,19,36
33,20,36
33,42,36
33,43,36
33,45,36
34,18,36
34,19,36
34,20,36
34,24,36
34,25,36
34,34,36
34,36,36
34,39,36
34,43,36
34,45,36
35,18,36
35,35,36
35,38,36
35,42,36
35,43,36
35,45,36
36,18,36
36,21,36
36,25,36
36,34,36
37,19,36
37,25,36
37,26,36
37,28,36
37,38,36
37,41,36
37,44,36
38,19,36
38,26,36
38,27,36
38,35,36
38,37,36
39,20,36
39,27,36
39,30,36
39,32,36
39,34,36
40,21,36
40,28,36
41,22,36
41,26,36
41,37,36
42,23,36
42,28,36
42,30,36
42,33,36
42,35,36
43,24,36
43,29,36
43,30,36
43,31,36
43,32,36
43,33,36
43,34,36
43,35,36
44,26,36
44,37,36
45,27,36
45,28,36
45,29,36
45,30,36
45,31,36
45,32,36
45,33,36
45,34,36
45,35,36
18,28,37
18,29,37
18,30,37
18,31,37
18,32,37
18,33,37
18,34,37
18,35,37
18,36,37
19,26,37
19,27,37
19,29,37
19,30,37
19,31,37
19,32,37
19,33,37
19,34,37
19,37,37
19,38,37
20,25,37
20,26,37
20,27,37
20,29,37
20,30,37
20,31,37
20,32,37
20,33,37
20,34,37
20,39,37
21,24,37
21,25,37
21,27,37
21,36,37
21,40,37
22,23,37
22,24,37
22,41,37
23,22,37
23,23,37
23,42,37
24,21,37
24,22,37
24,30,37
24,34,37
24,43,37
25,20,37
25,21,37
25,26,37
25,28,37
25,29,37
25,34,37
25,36,37
25,37,37
26,19,37
26,20,37
26,25,37
26,27,37
26,37,37
26,38,37
26,41,37
26,44,37
27,19,37
27,20,37
27,21,37
27,26,37
27,29,37
27,38,37
27,39,37
27,45,37
28,18,37
28,25,37
28,37,37
28,40,37
28,42,37
28,45,37
29,18,37
29,19,37
29,20,37
29,25,37
29,27,37
29,43,37
29,45,37
30,18,37
30,19,37
30,20,37
30,24,37
30,39,37
30,42,37
30,43,37
30,45,37
31,18,37
31,19,37
31,20,37
31,43,37
31,45,37
32,18,37
32,19,37
32,20,37
32,39,37
32,43,37
32,45,37
33,18,37
33,19,37
33,20,37
33,42,37
33,43,37
33,45,37
34,18,37
34,19,37
34,20,37
34,24,37
34,25,37
34,34,37
34,36,37
34,39,37
34,43,37
34,45,37
35,18,37
35,35,37
35,38,37
35,42,37
35,43,37
35,45,37
36,18,37
36,21,37
36,25,37
36,34,37
37,19,37
37,25,37
37,26,37
37,28,37
37,38,37
37,41,37
37,44,37
38,19,37
38,26,37
38,27,37
38,35,37
38,37,37
39,20,37
39,27,37
39,30,37
39,32,37
39,34,37
40,21,37
40,28,37
41,22,37
41,26,37
41,37,37
42,23,37
42,28,37
42,30,37
42,33,37
42,35,37
43,24,37
43,29,37
43,30,37
43,31,37
43,32,37
43,33,37
43,34,37
43,35,37
44,26,37
44,37,37
45,27,37
45,28,37
45,29,37
45,30,37
45,31,37
45,32,37
45,33,37
45,34,37
45,35,37
18,28,38
18,29,38
18,30,38
18,31,38
18,32,38
18,33,38
18,34,38
18,35,38
18,36,38
19,26,38
19,27,38
19,29,38
19,30,38
19,31,38
19,32,38
19,33,38
19,34,38
19,37,38
19,38,38
20,25,38
20,26,38
20,27,38
20,29,38
20,30,38
20,31,38
20,32,38
20,33,38
20,34,38
20,39,38
21,24,38
21,25,38
21,27,38
21,36,38
21,40,38
22,23,38
22,24,38
22,41,38
23,22,38
23,23,38
23,42,38
24,21,38
24,22,38
24,30,38
24,34,38
24,43,38
25,20,38
25,21,38
25,26,38
25,28,38
25,29,38
25,34,38
25,36,38
25,37,38
26,19,38
26,20,38
26,25,38
26,27,38
26,37,38
26,38,38
26,41,38
26,44,38
27,19,38
27,20,38
27,21,38
27,26,38
27,29,38
27,38,38
27,39,38
27,45,38
28,18,38
28,25,38
28,37,38
28,40,38
28,42,38
28,45,38
29,18,38
29,19,38
29,20,38
29,25,38
29,27,38
29,43,38
29,45,38
30,18,38
30,19,38
30,20,38
30,24,38
30,39,38
30,42,38
30,43,38
30,45,38
31,18,38
31,19,38
31,20,38
31,43,38
31,45,38
32,18,38
32,19,38
32,20,38
32,39,38
32,43,38
32,45,38
33,18,38
33,19,38
33,20,38
33,42,38
33,43,38
33,45,38
34,18,38
34,19,38
34,20,38
34,24,38
34,25,38
34,34,38
34,36,38
34,39,38
34,43,38
34,45,38
35,18,38
35,35,38
35,38,38
35,42,38
35,43,38
35,45,38
36,18,38
36,21,38
36,25,38
36,34,38
37,19,38
37,25,38
37,26,38
37,28,38
37,38,38
37,41,38
37,44,38
38,19,38
38,26,38
38,27,38
38,35,38
38,37,38
39,20,38
39,27,38
39,30,38
39,32,38
39,34,38
40,21,38
40,28,38
41,22,38
41,26,38
41,37,38
42,23,38
42,28,38
42,30,38
42,33,38
42,35,38
43,24,38
43,29,38
43,30,38
43,31,38
43,32,38
43,33,38
43,34,38
43,35,38
44,26,38
44,37,38
45,27,38
45,28,38
45,29,38
45,30,38
45,31,38
45,32,38
45,33,38
45,34,38
45,35,38
18,28,39
18,29,39
18,30,39
18,31,39
18,32,39
18,33,39
18,34,39
18,35,39
18,36,39
19,26,39
19,27,39
19,29,39
19,30,39
19,31,39
19,32,39
19,33,39
19,34,39
19,37,39
19,38,39
20,25,39
20,26,39
20,27,39
20,29,39
20,30,39
20,31,39
20,32,39
20,33,39
20,34,39
20,39,39
21,24,39
21,25,39
21,27,39
21,36,39
21,40,39
22,23,39
22,24,39
22,41,39
23,22,39
23,23,39
23,42,39
24,21,39
24,22,39
24,30,39
24,34,39
24,43,39
25,20,39
25,21,39
25,26,39
25,28,39
25,29,39
25,34,39
25,36,39
25,37,39
26,19,39
26,20,39
26,25,39
26,27,39
26,37,39
26,38,39
26,41,39
26,44,39
27,19,39
27,20,39
27,21,39
27,26,39
27,29,39
27,38,39
27,39,39
27,45,39
28,18,39
28,25,39
28,37,39
28,40,39
28,42,39
28,45,39
29,18,39
29,19,39
29,20,39
29,25,39
29,27,39
29,43,39
29,45,39
30,18,39
30,19,39
30,20,39
30,24,39
30,39,39
30,42,39
30,43,39
30,45,39
31,18,39
31,19,39
31,20,39
31,43,39
31,45,39
32,18,39
32,19,39
32,20,39
32,39,39
32,43,39
32,45,39
33,18,39
33,19,39
33,20,39
33,42,39
33,43,39
33,45,39
34,18,39
34,19,39
34,20,39
34,24,39
34,25,39
34,34,39
34,36,39
34,39,39
34,43,39
34,45,39
35,18,39
35,35,39
35,38,39
35,42,39
35,43,39
35,45,39
36,18,39
36,21,39
36,25,39
36,34,39
37,19,39
37,25,39
37,26,39
37,28,39
37,38,39
37,41,39
37,44,39
38,19,39
38,26,39
38,27,39
38,35,39
38,37,39
39,20,39
39,27,39
39,30,39
39,32,39
39,34,39
40,21,39
40,28,39
41,22,39
41,26,39
41,37,39
42,23,39
42,28,39
42,30,39
42,33,39
42,35,39
43,24,39
43,29,39
43,30,39
43,31,39
43,32,39
43,33,39
43,34,39
43,35,39
44,26,39
44,37,39
45,27,39
45,28,39
45,29,39
45,30,39
45,31,39
45,32,39
45,33,39
45,34,39
45,35,39
18,28,40
18,29,40
18,30,40
18,31,40
18,32,40
18,33,40
18,34,40
18,35,40
18,36,40
19,26,40
19,27,40
19,29,40
19,30,40
19,31,40
19,32,40
19,33,40
19,34,40
19,37,40
19,38,40
20,25,40
20,26,40
20,27,40
20,29,40
20,30,40
20,31,40
20,32,40
20,33,40
20,34,40
20,39,40
21,24,40
21,25,40
21,27,40
21,36,40
21,40,40
22,23,40
22,24,40
22,41,40
23,22,40
23,23,40
23,42,40
24,21,40
24,22,40
24,30,40
24,34,40
24,43,40
25,20,40
25,21,40
25,26,40
25,28,40
25,29,40
25,34,40
25,36,40
25,37,40
26,19,40
26,20,40
26,25,40
26,27,40
26,37,40
26,38,40
26,41,40
26,44,40
27,19,40
27,20,40
27,21,40
27,26,40
27,29,40
27,38,40
27,39,40
27,45,40
28,18,40
28,25,40
28,37,40
28,40,40
28,42,40
28,45,40
29,18,40
29,19,40
29,20,40
29,25,40
29,27,40
29,43,40
29,45,40
30,18,40
30,19,40
30,20,40
30,24,40
30,39,40
30,42,40
30,43,40
30,45,40
31,18,40
31,19,40
31,20,40
31,43,40
31,45,40
32,18,40
32,19,40
32,20,40
32,39,40
32,43,40
32,45,40
33,18,40
33,19,40
33,20,40
33,42,40
33,43,40
33,45,40
34,18,40
34,19,40
34,20,40
34,24,40
34,25,40
34,34,40
34,36,40
34,39,40
34,43,40
34,45,40
35,18,40
35,35,40
35,38,40
35,42,40
35,43,40
35,45,40
36,18,40
36,21,40
36,25,40
36,34,40
37,19,40
37,25,40
37,26,40
37,28,40
37,38,40
37,41,40
37,44,40
38,19,40
38,26,40
38,27,40
38,35,40
38,37,40
39,20,40
39,27,40
39,30,40
39,32,40
39,34,40
40,21,40
40,28,40
41,22,40
41,26,40
41,37,40
42,23,40
42,28,40
42,30,40
42,33,40
42,35,40
43,24,40
43,29,40
43,30,40
43,31,40
43,32,40
43,33,40
43,34,40
43,35,40
44,26,40
44,37,40
45,27,40
45,28,40
45,29,40
45,30,40
45,31,40
45,32,40
45,33,40
45,34,40
45,35,40
18,28,41
18,29,41
18,30,41
18,31,41
18,32,41
18,33,41
18,34,41
18,35,41
18,36,41
19,26,41
19,27,41
19,29,41
19,30,41
19,31,41
19,32,41
19,33,41
19,34,41
19,37,41
19,38,41
20,25,41
20,26,41
20,27,41
20,29,41
20,30,41
20,31,41
20,32,41
20,33,41
20,34,41
20,39,41
21,24,41
21,25,41
21,27,41
21,36,41
21,40,41
22,23,41
22,24,41
22,41,41
23,22,41
23,23,41
23,42,41
24,21,41
24,22,41
24,30,41
24,34,41
24,43,41
25,20,41
25,21,41
25,26,41
25,28,41
25,29,41
25,34,41
25,36,41
25,37,41
26,19,41
26,20,41
26,25,41
26,27,41
26,37,41
26,38,41
26,41,41
26,44,41
27,19,41
27,20,41
27,21,41
27,26,41
27,29,41
27,38,41
27,39,41
27,45,41
28,18,41
28,25,41
28,37,41
28,40,41
28,42,41
28,45,41
29,18,41
29,19,41
29,20,41
29,25,41
29,27,41
29,43,41
29,45,41
30,18,41
30,19,41
30,20,41
30,24,41
30,39,41
30,42,41
30,43,41
30,45,41
31,18,41
31,19,41
31,20,41
31,43,41
31,45,41
32,18,41
32,19,41
32,20,41
32,39,41
32,43,41
32,45,41
33,18,41
33,19,41
33,20,41
33,42,41
33,43,41
33,45,41
34,18,41
34,19,41
34,20,41
34,24,41
34,25,41
34,34,41
34,36,41
34,39,41
34,43,41
34,45,41
35,18,41
35,35,41
35,38,41
35,42,41
35,43,41
35,45,41
36,18,41
36,21,41
36,25,41
36,34,41
37,19,41
37,25,41
37,26,41
37,28,41
37,38,41
37,41,41
37,44,41
38,19,41
38,26,41
38,27,41
38,35,41
38,37,41
39,20,41
39,27,41
39,30,41
39,32,41
39,34,41
40,21,41
40,28,41
41,22,41
41,26,41
41,37,41
42,23,41
42,28,41
42,30,41
42,33,41
42,35,41
43,24,41
43,29,41
43,30,41
43,31,41
43,32,41
43,33,41
43,34,41
43,35,41
44,26,41
44,37,41
45,27,41
45,28,41
45,29,41
45,30,41
45,31,41
45,32,41
45,33,41
45,34,41
45,35,41
18,28,42
18,29,42
18,30,42
18,31,42
18,32,42
18,33,42
18,34,42
18,35,42
18,36,42
19,26,42
19,27,42
19,29,42
19,30,42
19,31,42
19,32,42
19,33,42
19,34,42
19,37,42
19,38,42
20,25,42
20,26,42
20,27,42
20,29,42
20,30,42
20,31,42
20,32,42
20,33,42
20,34,42
20,39,42
21,24,42
21,25,42
21,27,42
21,36,42
21,40,42
22,23,42
22,24,42
22,41,42
23,22,42
23,23,42
23,42,42
24,21,42
24,22,42
24,30,42
24,34,42
24,43,42
25,20,42
25,21,42
25,26,42
25,28,42
25,29,42
25,34,42
25,36,42
25,37,42
26,19,42
26,20,42
26,25,42
26,27,42
26,37,42
26,38,42
26,41,42
26,44,42
27,19,42
27,20,42
27,21,42
27,26,42
27,29,42
27,38,42
27,39,42
27,45,42
28,18,42
28,25,42
28,37,42
28,40,42
28,42,42
28,45,42
29,18,42
29,19,42
29,20,42
29,25,42
29,27,42
29,43,42
29,45,42
30,18,42
30,19,42
30,20,42
30,24,42
30,39,42
30,42,42
30,43,42
30,45,42
31,18,42
31,19,42
31,20,42
31,43,42
31,45,42
32,18,42
32,19,42
32,20,42
32,39,42
32,43,42
32,45,42
33,18,42
33,19,42
33,20,42
33,42,42
33,43,42
33,45,42
34,18,42
34,19,42
34,20,42
34,24,42
34,25,42
34,34,42
34,36,42
34,39,42
34,43,42
34,45,42
35,18,42
35,35,42
35,38,42
35,42,42
35,43,42
35,45,42
36,18,42
36,21,42
36,25,42
36,34,42
37,19,42
37,25,42
37,26,42
37,28,42
37,38,42
37,41,42
37,44,42
38,19,42
38,26,42
38,27,42
38,35,42
38,37,42
39,20,42
39,27,42
39,30,42
39,32,42
39,34,42
40,21,42
40,28,42
41,22,42
41,26,42
41,37,42
42,23,42
42,28,42
42,30,42
42,33,42
42,35,42
43,24,42
43,29,42
43,30,42
43,31,42
43,32,42
43,33,42
43,34,42
43,35,42
44,26,42
44,37,42
45,27,42
45,28,42
45,29,42
45,30,42
45,31,42
45,32,42
45,33,42
45,34,42
45,35,42
18,28,43
18,29,43
18,30,43
18,31,43
18,32,43
18,33,43
18,34,43
18,35,43
18,36,43
19,26,43
19,27,43
19,29,43
19,30,43
19,31,43
19,32,43
19,33,43
19,34,43
19,37,43
19,38,43
20,25,43
20,26,43
20,27,43
20,29,43
20,30,43
20,31,43
20,32,43
20,33,43
20,34,43
20,39,43
21,24,43
21,25,43
21,27,43
21,36,43
21,40,43
22,23,43
22,24,43
22,41,43
23,22,43
23,23,43
23,42,43
24,21,43
24,22,43
24,30,43
24,34,43
24,43,43
25,20,43
25,21,43
25,26,43
25,28,43
25,29,43
25,34,43
25,36,43
25,37,43
26,19,43
26,20,43
26,25,43
26,27,43
26,37,43
26,38,43
26,41,43
26,44,43
27,19,43
27,20,43
27,21,43
27,26,43
27,29,43
27,38,43
27,39,43
27,45,43
28,18,43
28,25,43
28,37,43
28,40,43
28,42,43
28,45,43
29,18,43
29,19,43
29,20,43
29,25,43
29,27,43
29,43,43
29,45,43
30,18,43
30,19,43
30,20,43
30,24,43
30,39,43
30,42,43
30,43,43
30,45,43
31,18,43
31,19,43
31,20,43
31,43,43
31,45,43
32,18,43
32,19,43
32,20,43
32,39,43
32,43,43
32,45,43
33,18,43
33,19,43
33,20,43
33,42,43
33,43,43
33,45,43
34,18,43
34,19,43
34,20,43
34,24,43
34,25,43
34,34,43
34,36,43
34,39,43
34,43,43
34,45,43
35,18,43
35,35,43
35,38,43
35,42,43
35,43,43
35,45,43
36,18,43
36,21,43
36,25,43
36,34,43
37,19,43
37,25,43
37,26,43
37,28,43
37,38,43
37,41,43
37,44,43
38,19,43
38,26,43
38,27,43
38,35,43
38,37,43
39,20,43
39,27,43
39,30,43
39,32,43
39,34,43
40,21,43
40,28,43
41,22,43
41,26,43
41,37,43
42,23,43
42,28,43
42,30,43
42,33,43
42,35,43
43,24,43
43,29,43
43,30,43
43,31,43
43,32,43
43,33,43
43,34,43
43,35,43
44,26,43
44,37,43
45,27,43
45,28,43
45,29,43
45,30,43
45,31,43
45,32,43
45,33,43
45,34,43
45,35,43
18,28,44
18,29,44
18,30,44
18,31,44
18,32,44
18,33,44
18,34,44
18,35,44
18,36,44
19,26,44
19,27,44
19,29,44
19,30,44
19,31,44
19,32,44
19,33,44
19,34,44
19,37,44
19,38,44
20,25,44
20,26,44
20,27,44
20,29,44
20,30,44
20,31,44
20,32,44
20,33,44
20,34,44
20,39,44
21,24,44
21,25,44
21,27,44
21,36,44
21,40,44
22,23,44
22,24,44
22,41,44
23,22,44
23,23,44
23,42,44
24,21,44
24,22,44
24,30,44
24,34,44
24,43,44
25,20,44
25,21,44
25,26,44
25,28,44
25,29,44
25,34,44
25,36,44
25,37,44
26,19,44
26,20,44
26,25,44
26,27,44
26,37,44
26,38,44
26,41,44
26,44,44
27,19,44
27,20,44
27,21,44
27,26,44
27,29,44
27,38,44
27,39,44
27,45,44
28,18,44
28,25,44
28,37,44
28,40,44
28,42,44
28,45,44
29,18,44
29,19,44
29,20,44
29,25,44
29,27,44
29,43,44
29,45,44
30,18,44
30,19,44
30,20,44
30,24,44
30,39,44
30,42,44
30,43,44
30,45,44
31,18,44
31,19,44
31,20,44
31,43,44
31,45,44
32,18,44
32,19,44
32,20,44
32,39,44
32,43,44
32,45,44
33,18,44
33,19,44
33,20,44
33,42,44
33,43,44
33,45,44
34,18,44
34,19,44
34,20,44
34,24,44
34,25,44
34,34,44
34,36,44
34,39,44
34,43,44
34,45,44
35,18,44
35,35,44
35,38,44
35,42,44
35,43,44
35,45,44
36,18,44
36,21,44
36,25,44
36,34,44
37,19,44
37,25,44
37,26,44
37,28,44
37,38,44
37,41,44
37,44,44
38,19,44
38,26,44
38,27,44
38,35,44
38,37,44
39,20,44
39,27,44
39,30,44
39,32,44
39,34,44
40,21,44
40,28,44
41,22,44
41,26,44
41,37,44
42,23,44
42,28,44
42,30,44
42,33,44
42,35,44
43,24,44
43,29,44
43,30,44
43,31,44
43,32,44
43,33,44
43,34,44
43,35,44
44,26,44
44,37,44
45,27,44
45,28,44
45,29,44
45,30,44
45,31,44
45,32,44
45,33,44
45,34,44
45,35,44
18,28,45
18,29,45
18,30,45
18,31,45
18,32,45
18,33,45
18,34,45
18,35,45
18,36,45
19,26,45
19,27,45
19,29,45
19,30,45
19,31,45
19,32,45
19,33,45
19,34,45
19,37,45
19,38,45
20,25,45
20,26,45
20,27,45
20,29,45
20,30,45
20,31,45
20,32,45
20,33,45
20,34,45
20,39,45
21,24,45
21,25,45
21,27,45
21,36,45
21,40,45
22,23,45
22,24,45
22,41,45
23,22,45
23,23,45
23,42,45
24,21,45
24,22,45
24,30,45
24,34,45
24,43,45
25,20,45
25,21,45
25,26,45
25,28,45
25,29,45
25,34,45
25,36,45
25,37,45
26,19,45
26,20,45
26,25,45
26,27,45
26,37,45
26,38,45
26,41,45
26,44,45
27,19,45
27,20,45
27,21,45
27,26,45
27,29,45
27,38,45
27,39,45
27,45,45
28,18,45
28,25,45
28,37,45
28,40,45
28,42,45
28,45,45
29,18,45
29,19,45
29,20,45
29,25,45
29,27,45
29,43,45
29,45,45
30,18,45
30,19,45
30,20,45
30,24,45
30,39,45
30,42,45
30,43,45
30,45,45
31,18,45
31,19,45
31,20,45
31,43,45
31,45,45
32,18,45
32,19,45
32,20,45
32,39,45
32,43,45
32,45,45
33,18,45
33,19,45
33,20,45
33,42,45
33,43,45
33,45,45
34,18,45
34,19,45
34,20,45
34,24,45
34,25,45
34,34,45
34,36,45
34,39,45
34,43,45
34,45,45
35,18,45
35,35,45
35,38,45
35,42,45
35,43,45
35,45,45
36,18,45
36,21,45
36,25,45
36,34,45
37,19,45
37,25,45
37,26,45
37,28,45
37,38,45
37,41,45
37,44,45
38,19,45
38,26,45
38,27,45
38,35,45
38,37,45
39,20,45
39,27,45
39,30,45
39,32,45
39,34,45
40,21,45
40,28,45
41,22,45
41,26,45
41,37,45
42,23,45
42,28,45
42,30,45
42,33,45
42,35,45
43,24,45
43,29,45
43,30,45
43,31,45
43,32,45
43,33,45
43,34,45
43,35,45
44,26,45
44,37,45
45,27,45
45,28,45
45,29,45
45,30,45
45,31,45
45,32,45
45,33,45
45,34,45
45,35,45
18,28,46
18,29,46
18,30,46
18,31,46
18,32,46
18,33,46
18,34,46
18,35,46
18,36,46
19,26,46
19,27,46
19,29,46
19,30,46
19,31,46
19,32,46
19,33,46
19,34,46
19,37,46
19,38,46
20,25,46
20,26,46
20,27,46
20,29,46
20,30,46
20,31,46
20,32,46
20,33,46
20,34,46
20,39,46
21,24,46
21,25,46
21,27,46
21,36,46
21,40,46
22,23,46
22,24,46
22,41,46
23,22,46
23,23,46
23,42,46
24,21,46
24,22,46
24,30,46
24,34,46
24,43,46
25,20,46
25,21,46
25,26,46
25,28,46
25,29,46
25,34,46
25,36,46
25,37,46
26,19,46
26,20,46
26,25,46
26,27,46
26,37,46
26,38,46
26,41,46
26,44,46
27,19,46
27,20,46
27,21,46
27,26,46
27,29,46
27,38,46
27,39,46
27,45,46
28,18,46
28,25,46
28,37,46
28,40,46
28,42,46
28,45,46
29,18,46
29,19,46
29,20,46
29,25,46
29,27,46
29,43,46
29,45,46
30,18,46
30,19,46
30,20,46
30,24,46
30,39,46
30,42,46
30,43,46
30,45,46
31,18,46
31,19,46
31,20,46
31,43,46
31,45,46
32,18,46
32,19,46
32,20,46
32,39,46
32,43,46
32,45,46
33,18,46
33,19,46
33,20,46
33,42,46
33,43,46
33,45,46
34,18,46
34,19,46
34,20,46
34,24,46
34,25,46
34,34,46
34,36,46
34,39,46
34,43,46
34,45,46
35,18,46
35,35,46
35,38,46
35,42,46
35,43,46
35,45,46
36,18,46
36,21,46
36,25,46
36,34,46
37,19,46
37,25,46
37,26,46
37,28,46
37,38,46
37,41,46
37,44,46
38,19,46
38,26,46
38,27,46
38,35,46
38,37,46
39,20,46
39,27,46
39,30,46
39,32,46
39,34,46
40,21,46
40,28,46
41,22,46
41,26,46
41,37,46
42,23,46
42,28,46
42,30,46
42,33,46
42,35,46
43,24,46
43,29,46
43,30,46
43,31,46
43,32,46
43,33,46
43,34,46
43,35,46
44,26,46
44,37,46
45,27,46
45,28,46
45,29,46
45,30,46
45,31,46
45,32,46
45,33,46
45,34,46
45,35,46
18,28,47
18,29,47
18,30,47
18,31,47
18,32,47
18,33,47
18,34,47
18,35,47
18,36,47
19,26,47
19,27,47
19,29,47
19,30,47
19,31,47
19,32,47
19,33,47
19,34,47
19,37,47
19,38,47
20,25,47
20,26,47
20,27,47
20,29,47
20,30,47
20,31,47
20,32,47
20,33,47
20,34,47
20,39,47
21,24,47
21,25,47
21,27,47
21,36,47
21,40,47
22,23,47
22,24,47
22,41,47
23,22,47
23,23,47
23,42,47
24,21,47
24,22,47
24,30,47
24,34,47
24,43,47
25,20,47
25,21,47
25,26,47
25,28,47
25,29,47
25,34,47
25,36,47
25,37,47
26,19,47
26,20,47
26,25,47
26,27,47
26,37,47
26,38,47
26,41,47
26,44,47
27,19,47
27,20,47
27,21,47
27,26,47
27,29,47
27,38,47
27,39,47
27,45,47
28,18,47
28,25,47
28,37,47
28,40,47
28,42,47
28,45,47
29,18,47
29,19,47
29,20,47
29,25,47
29,27,47
29,43,47
29,45,47
30,18,47
30,19,47
30,20,47
30,24,47
30,39,47
30,42,47
30,43,47
30,45,47
31,18,47
31,19,47
31,20,47
31,43,47
31,45,47
32,18,47
32,19,47
32,20,47
32,39,47
32,43,47
32,45,47
33,18,47
33,19,47
33,20,47
33,42,47
33,43,47
33,45,47
34,18,47
34,19,47
34,20,47
34,24,47
34,25,47
34,34,47
34,36,47
34,39,47
34,43,47
34,45,47
35,18,47
35,35,47
35,38,47
35,42,47
35,43,47
35,45,47
36,18,47
36,21,47
36,25,47
36,34,47
37,19,47
37,25,47
37,26,47
37,28,47
37,38,47
37,41,47
37,44,47
38,19,47
38,26,47
38,27,47
38,35,47
38,37,47
39,20,47
39,27,47
39,30,47
39,32,47
39,34,47
40,21,47
40,28,47
41,22,47
41,26,47
41,37,47
42,23,47
42,28,47
42,30,47
42,33,47
42,35,47
43,24,47
43,29,47
43,30,47
43,31,47
43,32,47
43,33,47
43,34,47
43,35,47
44,26,47
44,37,47
45,27,47
45,28,47
45,29,47
45,30,47
45,31,47
45,32,47
45,33,47
45,34,47
45,35,47
18,28,48
18,29,48
18,30,48
18,31,48
18,32,48
18,33,48
18,34,48
18,35,48
18,36,48
19,26,48
19,27,48
19,29,48
19,30,48
19,31,48
19,32,48
19,33,48
19,34,48
19,37,48
19,38,48
20,25,48
20,26,48
20,27,48
20,29,48
20,30,48
20,31,48
20,32,48
20,33,48
20,34,48
20,39,48
21,24,48
21,25,48
21,27,48
21,36,48
21,40,48
22,23,48
22,24,48
22,41,48
23,22,48
23,23,48
23,42,48
24,21,48
24,22,48
24,30,48
24,34,48
24,43,48
25,20,48
25,21,48
25,26,48
25,28,48
25,29,48
25,34,48
25,36,48
25,37,48
26,19,48
26,20,48
26,25,48
26,27,48
26,37,48
26,38,48
26,41,48
26,44,48
27,19,48
27,20,48
27,21,48
27,26,48
27,29,48
27,38,48
27,39,48
27,45,48
28,18,48
28,25,48
28,37,48
28,40,48
28,42,48
28,45,48
29,18,48
29,19,48
29,20,48
29,25,48
29,27,48
29,43,48
29,45,48
30,18,48
30,19,48
30,20,48
30,24,48
30,39,48
30,42,48
30,43,48
30,45,48
31,18,48
31,19,48
31,20,48
31,43,48
31,45,48
32,18,48
32,19,48
32,20,48
32,39,48
32,43,48
32,45,48
33,18,48
33,19,48
33,20,48
33,42,48
33,43,48
33,45,48
34,18,48
34,19,48
34,20,48
34,24,48
34,25,48
34,34,48
34,36,48
34,39,48
34,43,48
34,45,48
35,18,48
35,35,48
35,38,48
35,42,48
35,43,48
35,45,48
36,18,48
36,21,48
36,25,48
36,34,48
37,19,48
37,25,48
37,26,48
37,28,48
37,38,48
37,41,48
37,44,48
38,19,48
38,26,48
38,27,48
38,35,48
38,37,48
39,20,48
39,27,48
39,30,48
39,32,48
39,34,48
40,21,48
40,28,48
41,22,48
41,26,48
41,37,48
42,23,48
42,28,48
42,30,48
42,33,48
42,35,48
43,24,48
43,29,48
43,30,48
43,31,48
43,32,48
43,33,48
43,34,48
43,35,48
44,26,48
44,37,48
45,27,48
45,28,48
45,29,48
45,30,48
45,31,48
45,32,48
45,33,48
45,34,48
45,35,48
18,28,49
18,29,49
18,30,49
18,31,49
18,32,49
18,33,49
18,34,49
18,35,49
18,36,49
19,26,49
19,27,49
19,29,49
19,30,49
19,31,49
19,32,49
19,33,49
19,34,49
19,37,49
19,38,49
20,25,49
20,26,49
20,27,49
20,29,49
20,30,49
20,31,49
20,32,49
20,33,49
20,34,49
20,39,49
21,24,49
21,25,49
21,27,49
21,36,49
21,40,49
22,23,49
22,24,49
22,41,49
23,22,49
23,23,49
23,42,49
24,21,49
24,22,49
24,30,49
24,34,49
24,43,49
25,20,49
25,21,49
25,26,49
25,28,49
25,29,49
25,34,49
25,36,49
25,37,49
26,19,49
26,20,49
26,25,49
26,27,49
26,37,49
26,38,49
26,41,49
26,44,49
27,19,49
27,20,49
27,21,49
27,26,49
27,29,49
27,38,49
27,39,49
27,45,49
28,18,49
28,25,49
28,37,49
28,40,49
28,42,49
28,45,49
29,18,49
29,19,49
29,20,49
29,25,49
29,27,49
29,43,49
29,45,49
30,18,49
30,19,49
30,20,49
30,24,49
30,39,49
30,42,49
30,43,49
30,45,49
31,18,49
31,19,49
31,20,49
31,43,49
31,45,49
32,18,49
32,19,49
32,20,49
32,39,49
32,43,49
32,45,49
33,18,49
33,19,49
33,20,49
33,42,49
33,43,49
33,45,49
34,18,49
34,19,49
34,20,49
34,24,49
34,25,49
34,34,49
34,36,49
34,39,49
34,43,49
34,45,49
35,18,49
35,35,49
35,38,49
35,42,49
35,43,49
35,45,49
36,18,49
36,21,49
36,25,49
36,34,49
37,19,49
37,25,49
37,26,49
37,28,49
37,38,49
37,41,49
37,44,49
38,19,49
38,26,49
38,27,49
38,35,49
38,37,49
39,20,49
39,27,49
39,30,49
39,32,49
39,34,49
40,21,49
40,28,49
41,22,49
41,26,49
41,37,49
42,23,49
42,28,49
42,30,49
42,33,49
42,35,49
43,24,49
43,29,49
43,30,49
43,31,49
43,32,49
43,33,49
43,34,49
43,35,49
44,26,49
44,37,49
45,27,49
45,28,49
45,29,49
45,30,49
45,31,49
45,32,49
45,33,49
45,34,49
45,35,49
18,28,50
18,29,50
18,30,50
18,31,50
18,32,50
18,33,50
18,34,50
18,35,50
18,36,50
19,26,50
19,27,50
19,29,50
19,30,50
19,31,50
19,32,50
19,33,50
19,34,50
19,37,50
19,38,50
20,25,50
20,26,50
20,27,50
20,29,50
20,30,50
20,31,50
20,32,50
20,33,50
20,34,50
20,39,50
21,24,50
21,25,50
21,27,50
21,36,50
21,40,50
22,23,50
22,24,50
22,41,50
23,22,50
23,23,50
23,42,50
24,21,50
24,22,50
24,30,50
24,34,50
24,43,50
25,20,50
25,21,50
25,26,50
25,28,50
25,29,50
25,34,50
25,36,50
25,37,50
26,19,50
26,20,50
26,25,50
26,27,50
26,37,50
26,38,50
26,41,50
26,44,50
27,19,50
27,20,50
27,21,50
27,26,50
27,29,50
27,38,50
27,39,50
27,45,50
28,18,50
28,25,50
28,37,50
28,40,50
28,42,50
28,45,50
29,18,50
29,19,50
29,20,50
29,25,50
29,27,50
29,43,50
29,45,50
30,18,50
30,19,50
30,20,50
30,24,50
30,39,50
30,42,50
30,43,50
30,45,50
31,18,50
31,19,50
31,20,50
31,43,50
31,45,50
32,18,50
32,19,50
32,20,50
32,39,50
32,43,50
32,45,50
33,18,50
33,19,50
33,20,50
33,42,50
33,43,50
33,45,50
34,18,50
34,19,50
34,20,50
34,24,50
34,25,50
34,34,50
34,36,50
34,39,50
34,43,50
34,45,50
35,18,50
35,35,50
35,38,50
35,42,50
35,43,50
35,45,50
36,18,50
36,21,50
36,25,50
36,34,50
37,19,50
37,25,50
37,26,50
37,28,50
37,38,50
37,41,50
37,44,50
38,19,50
38,26,50
38,27,50
38,35,50
38,37,50
39,20,50
39,27,50
39,30,50
39,32,50
39,34,50
40,21,50
40,28,50
41,22,50
41,26,50
41,37,50
42,23,50
42,28,50
42,30,50
42,33,50
42,35,50
43,24,50
43,29,50
43,30,50
43,31,50
43,32,50
43,33,50
43,34,50
43,35,50
44,26,50
44,37,50
45,27,50
45,28,50
45,29,50
45,30,50
45,31,50
45,32,50
45,33,50
45,34,50
45,35,50
18,28,51
18,29,51
18,30,51
18,31,51
18,32,51
18,33,51
18,34,51
18,35,51
18,36,51
19,26,51
19,27,51
19,29,51
19,30,51
19,31,51
19,32,51
19,33,51
19,34,51
19,37,51
19,38,51
20,25,51
20,26,51
20,27,51
20,29,51
20,30,51
20,31,51
20,32,51
20,33,51
20,34,51
20,39,51
21,24,51
21,25,51
21,27,51
21,36,51
21,40,51
22,23,51
22,24,51
22,41,51
23,22,51
23,23,51
23,42,51
24,21,51
24,22,51
24,30,51
24,34,51
24,43,51
25,20,51
25,21,51
25,26,51
25,28,51
25,29,51
25,34,51
25,36,51
25,37,51
26,19,51
26,20,51
26,25,51
26,27,51
26,37,51
26,38,51
26,41,51
26,44,51
27,19,51
27,20,51
27,21,51
27,26,51
27,29,51
27,38,51
27,39,51
27,45,51
28,18,51
28,25,51
28,37,51
28,40,51
28,42,51
28,45,51
29,18,51
29,19,51
29,20,51
29,25,51
29,27,51
29,43,51
29,45,51
30,18,51
30,19,51
30,20,51
30,24,51
30,39,51
30,42,51
30,43,51
30,45,51
31,18,51
31,19,51
31,20,51
31,43,51
31,45,51
32,18,51
32,19,51
32,20,51
32,39,51
32,43,51
32,45,51
33,18,51
33,19,51
33,20,51
33,42,51
33,43,51
33,45,51
34,18,51
34,19,51
34,20,51
34,24,51
34,25,51
34,34,51
34,36,51
34,39,51
34,43,51
34,45,51
35,18,51
35,35,51
35,38,51
35,42,51
35,43,51
35,45,51
36,18,51
36,21,51
36,25,51
36,34,51
37,19,51
37,25,51
37,26,51
37,28,51
37,38,51
37,41,51
37,44,51
38,19,51
38,26,51
38,27,51
38,35,51
38,37,51
39,20,51
39,27,51
39,30,51
39,32,51
39,34,51
40,21,51
40,28,51
41,22,51
41,26,51
41,37,51
42,23,51
42,28,51
42,30,51
42,33,51
42,35,51
43,24,51
43,29,51
43,30,51
43,31,51
43,32,51
43,33,51
43,34,51
43,35,51
44,26,51
44,37,51
45,27,51
45,28,51
45,29,51
45,30,51
45,31,51
45,32,51
45,33,51
45,34,51
45,35,51
18,28,52
18,29,52
18,30,52
18,31,52
18,32,52
18,33,52
18,34,52
18,35,52
18,36,52
19,26,52
19,27,52
19,29,52
19,30,52
19,31,52
19,32,52
19,33,52
19,34,52
19,37,52
19,38,52
20,25,52
20,26,52
20,27,52
20,29,52
20,30,52
20,31,52
20,32,52
20,33,52
20,34,52
20,39,52
21,24,52
21,25,52
21,27,52
21,36,52
21,40,52
22,23,52
22,24,52
22,41,52
23,22,52
23,23,52
23,42,52
24,21,52
24,22,52
24,30,52
24,34,52
24,43,52
25,20,52
25,21,52
25,26,52
25,28,52
25,29,52
25,34,52
25,36,52
25,37,52
26,19,52
26,20,52
26,25,52
26,27,52
26,37,52
26,38,52
26,41,52
26,44,52
27,19,52
27,20,52
27,21,52
27,26,52
27,29,52
27,38,52
27,39,52
27,45,52
28,18,52
28,25,52
28,37,52
28,40,52
28,42,52
28,45,52
29,18,52
29,19,52
29,20,52
29,25,52
29,27,52
29,43,52
29,45,52
30,18,52
30,19,52
30,20,52
30,24,52
30,39,52
30,42,52
30,43,52
30,45,52
31,18,52
31,19,52
31,20,52
31,43,52
31,45,52
32,18,52
32,19,52
32,20,52
32,39,52
32,43,52
32,45,52
33,18,52
33,19,52
33,20,52
33,42,52
33,43,52
33,45,52
34,18,52
34,19,52
34,20,52
34,24,52
34,25,52
34,34,52
34,36,52
34,39,52
34,43,52
34,45,52
35,18,52
35,35,52
35,38,52
35,42,52
35,43,52
35,45,52
36,18,52
36,21,52
36,25,52
36,34,52
37,19,52
37,25,52
37,26,52
37,28,52
37,38,52
37,41,52
37,44,52
38,19,52
38,26,52
38,27,52
38,35,52
38,37,52
39,20,52
39,27,52
39,30,52
39,32,52
39,34,52
40,21,52
40,28,52
41,22,52
41,26,52
41,37,52
42,23,52
42,28,52
42,30,52
42,33,52
42,35,52
43,24,52
43,29,52
43,30,52
43,31,52
43,32,52
43,33,52
43,34,52
43,35,52
44,26,52
44,37,52
45,27,52
45,28,52
45,29,52
45,30,52
45,31,52
45,32,52
45,33,52
45,34,52
45,35,52
18,28,53
18,29,53
18,30,53
18,31,53
18,32,53
18,33,53
18,34,53
18,35,53
18,36,53
19,26,53
19,27,53
19,29,53
19,30,53
19,31,53
19,32,53
19,33,53
19,34,53
19,37,53
19,38,53
20,25,53
20,26,53
20,27,53
20,29,53
20,30,53
20,31,53
20,32,53
20,33,53
20,34,53
20,39,53
21,24,53
21,25,53
21,27,53
21,36,53
21,40,53
22,23,53
22,24,53
22,41,53
23,22,53
23,23,53
23,42,53
24,21,53
24,22,53
24,30,53
24,34,53
24,43,53
25,20,53
25,21,53
25,26,53
25,28,53
25,29,53
25,34,53
25,36,53
25,37,53
26,19,53
26,20,53
26,25,53
26,27,53
26,37,53
26,38,53
26,41,53
26,44,53
27,19,53
27,20,53
27,21,53
27,26,53
27,29,53
27,38,53
27,39,53
27,45,53
28,18,53
28,25,53
28,37,53
28,40,53
28,42,53
28,45,53
29,18,53
29,19,53
29,20,53
29,25,53
29,27,53
29,43,53
29,45,53
30,18,53
30,19,53
30,20,53
30,24,53
30,39,53
30,42,53
30,43,53
30,45,53
31,18,53
31,19,53
31,20,53
31,43,53
31,45,53
32,18,53
32,19,53
32,20,53
32,39,53
32,43,53
32,45,53
33,18,53
33,19,53
33,20,53
33,42,53
33,43,53
33,45,53
34,18,53
34,19,53
34,20,53
34,24,53
34,25,53
34,34,53
34,36,53
34,39,53
34,43,53
34,45,53
35,18,53
35,35,53
35,38,53
35,42,53
35,43,53
35,45,53
36,18,53
36,21,53
36,25,53
36,34,53
37,19,53
37,25,53
37,26,53
37,28,53
37,38,53
37,41,53
37,44,53
38,19,53
38,26,53
38,27,53
38,35,53
38,37,53
39,20,53
39,27,53
39,30,53
39,32,53
39,34,53
40,21,53
40,28,53
41,22,53
41,26,53
41,37,53
42,23,53
42,28,53
42,30,53
42,33,53
42,35,53
43,24,53
43,29,53
43,30,53
43,31,53
43,32,53
43,33,53
43,34,53
43,35,53
44,26,53
44,37,53
45,27,53
45,28,53
45,29,53
45,30,53
45,31,53
45,32,53
45,33,53
45,34,53
45,35,53
18,28,54
18,29,54
18,30,54
18,31,54
18,32,54
18,33,54
18,34,54
18,35,54
18,36,54
19,26,54
19,27,54
19,29,54
19,30,54
19,31,54
19,32,54
19,33,54
19,34,54
19,37,54
19,38,54
20,25,54
20,26,54
20,27,54
20,29,54
20,30,54
20,31,54
20,32,54
20,33,54
20,34,54
20,39,54
21,24,54
21,25,54
21,27,54
21,36,54
21,40,54
22,23,54
22,24,54
22,41,54
23,22,54
23,23,54
23,42,54
24,21,54
24,22,54
24,30,54
24,34,54
24,43,54
25,20,54
25,21,54
25,26,54
25,28,54
25,29,54
25,34,54
25,36,54
25,37,54
26,19,54
26,20,54
26,25,54
26,27,54
26,37,54
26,38,54
26,41,54
26,44,54
27,19,54
27,20,54
27,21,54
27,26,54
27,29,54
27,38,54
27,39,54
27,45,54
28,18,54
28,25,54
28,37,54
28,40,54
28,42,54
28,45,54
29,18,54
29,19,54
29,20,54
29,25,54
29,27,54
29,43,54
29,45,54
30,18,54
30,19,54
30,20,54
30,24,54
30,39,54
30,42,54
30,43,54
30,45,54
31,18,54
31,19,54
31,20,54
31,43,54
31,45,54
32,18,54
32,19,54
32,20,54
32,39,54
32,43,54
32,45,54
33,18,54
33,19,54
33,20,54
33,42,54
33,43,54
33,45,54
34,18,54
34,19,54
34,20,54
34,24,54
34,25,54
34,34,54
34,36,54
34,39,54
34,43,54
34,45,54
35,18,54
35,35,54
35,38,54
35,42,54
35,43,54
35,45,54
36,18,54
36,21,54
36,25,54
36,34,54
37,19,54
37,25,54
37,26,54
37,28,54
37,38,54
37,41,54
37,44,54
38,19,54
38,26,54
38,27,54
38,35,54
38,37,54
39,20,54
39,27,54
39,30,54
39,32,54
39,34,54
40,21,54
40,28,54
41,22,54
41,26,54
41,37,54
42,23,54
42,28,54
42,30,54
42,33,54
42,35,54
43,24,54
43,29,54
43,30,54
43,31,54
43,32,54
43,33,54
43,34,54
43,35,54
44,26,54
44,37,54
45,27,54
45,28,54
45,29,54
45,30,54
45,31,54
45,32,54
45,33,54
45,34,54
45,35,54
18,28,55
18,29,55
18,30,55
18,31,55
18,32,55
18,33,55
18,34,55
18,35,55
18,36,55
19,26,55
19,27,55
19,29,55
19,30,55
19,31,55
19,32,55
19,33,55
19,34,55
19,37,55
19,38,55
20,25,55
20,26,55
20,27,55
20,29,55
20,30,55
20,31,55
20,32,55
20,33,55
20,34,55
20,39,55
21,24,55
21,25,55
21,27,55
21,36,55
21,40,55
22,23,55
22,24,55
22,41,55
23,22,55
23,23,55
23,42,55
24,21,55
24,22,55
24,30,55
24,34,55
24,43,55
25,20,55
25,21,55
25,26,55
25,28,55
25,29,55
25,34,55
25,36,55
25,37,55
26,19,55
26,20,55
26,25,55
26,27,55
26,37,55
26,38,55
26,41,55
26,44,55
27,19,55
27,20,55
27,21,55
27,26,55
27,29,55
27,38,55
27,39,55
27,45,55
28,18,55
28,25,55
28,37,55
28,40,55
28,42,55
28,45,55
29,18,55
29,19,55
29,20,55
29,25,55
29,27,55
29,43,55
29,45,55
30,18,55
30,19,55
30,20,55
30,24,55
30,39,55
30,42,55
30,43,55
30,45,55
31,18,55
31,19,55
31,20,55
31,43,55
31,45,55
32,18,55
32,19,55
32,20,55
32,39,55
32,43,55
32,45,55
33,18,55
33,19,55
33,20,55
33,42,55
33,43,55
33,45,55
34,18,55
34,19,55
34,20,55
34,24,55
34,25,55
34,34,55
34,36,55
34,39,55
34,43,55
34,45,55
35,18,55
35,35,55
35,38,55
35,42,55
35,43,55
35,45,55
36,18,55
36,21,55
36,25,55
36,34,55
37,19,55
37,25,55
37,26,55
37,28,55
37,38,55
37,41,55
37,44,55
38,19,55
38,26,55
38,27,55
38,35,55
38,37,55
39,20,55
39,27,55
39,30,55
39,32,55
39,34,55
40,21,55
40,28,55
41,22,55
41,26,55
41,37,55
42,23,55
42,28,55
42,30,55
42,33,55
42,35,55
43,24,55
43,29,55
43,30,55
43,31,55
43,32,55
43,33,55
43,34,55
43,35,55
44,26,55
44,37,55
45,27,55
45,28,55
45,29,55
45,30,55
45,31,55
45,32,55
45,33,55
45,34,55
45,35,55
18,28,56
18,29,56
18,30,56
18,31,56
18,32,56
18,33,56
18,34,56
18,35,56
18,36,56
19,26,56
19,27,56
19,29,56
19,30,56
19,31,56
19,32,56
19,33,56
19,34,56
19,37,56
19,38,56
20,25,56
20,26,56
20,27,56
20,29,56
20,30,56
20,31,56
20,32,56
20,33,56
20,34,56
20,39,56
21,24,56
21,25,56
21,27,56
21,36,56
21,40,56
22,23,56
22,24,56
22,41,56
23,22,56
23,23,56
23,42,56
24,21,56
24,22,56
24,30,56
24,34,56
24,43,56
25,20,56
25,21,56
25,26,56
25,28,56
25,29,56
25,34,56
25,36,56
25,37,56
26,19,56
26,20,56
26,25,56
26,27,56
26,37,56
26,38,56
26,41,56
26,44,56
27,19,56
27,20,56
27,21,56
27,26,56
27,29,56
27,38,56
27,39,56
27,45,56
28,18,56
28,25,56
28,37,56
28,40,56
28,42,56
28,45,56
29,18,56
29,19,56
29,20,56
29,25,56
29,27,56
29,43,56
29,45,56
30,18,56
30,19,56
30,20,56
30,24,56
30,39,56
30,42,56
30,43,56
30,45,56
31,18,56
31,19,56
31,20,56
31,43,56
31,45,56
32,18,56
32,19,56
32,20,56
32,39,56
32,43,56
32,45,56
33,18,56
33,19,56
33,20,56
33,42,56
33,43,56
33,45,56
34,18,56
34,19,56
34,20,56
34,24,56
34,25,56
34,34,56
34,36,56
34,39,56
34,43,56
34,45,56
35,18,56
35,35,56
35,38,56
35,42,56
35,43,56
35,45,56
36,18,56
36,21,56
36,25,56
36,34,56
37,19,56
37,25,56
37,26,56
37,28,56
37,38,56
37,41,56
37,44,56
38,19,56
38,26,56
38,27,56
38,35,56
38,37,56
39,20,56
39,27,56
39,30,56
39,32,56
39,34,56
40,21,56
40,28,56
41,22,56
41,26,56
41,37,56
42,23,56
42,28,56
42,30,56
42,33,56
42,35,56
43,24,56
43,29,56
43,30,56
43,31,56
43,32,56
43,33,56
43,34,56
43,35,56
44,26,56
44,37,56
45,27,56
45,28,56
45,29,56
45,30,56
45,31,56
45,32,56
45,33,56
45,34,56
45,35,56
18,28,57
18,29,57
18,30,57
18,31,57
18,32,57
18,33,57
18,34,57
18,35,57
18,36,57
19,26,57
19,27,57
19,29,57
19,30,57
19,31,57
19,32,57
19,33,57
19,34,57
19,37,57
19,38,57
20,25,57
20,26,57
20,27,57
20,29,57
20,30,57
20,31,57
20,32,57
20,33,57
20,34,57
20,39,57
21,24,57
21,25,57
21,27,57
21,36,57
21,40,57
22,23,57
22,24,57
22,41,57
23,22,57
23,23,57
23,42,57
24,21,57
24,22,57
24,30,57
24,34,57
24,43,57
25,20,57
25,21,57
25,26,57
25,28,57
25,29,57
25,34,57
25,36,57
25,37,57
26,19,57
26,20,57
26,25,57
26,27,57
26,37,57
26,38,57
26,41,57
26,44,57
27,19,57
27,20,57
27,21,57
27,26,57
27,29,57
27,38,57
27,39,57
27,45,57
28,18,57
28,25,57
28,37,57
28,40,57
28,42,57
28,45,57
29,18,57
29,19,57
29,20,57
29,25,57
29,27,57
29,43,57
29,45,57
30,18,57
30,19,57
30,20,57
30,24,57
30,39,57
30,42,57
30,43,57
30,45,57
31,18,57
31,19,57
31,20,57
31,43,57
31,45,57
32,18,57
32,19,57
32,20,57
32,39,57
32,43,57
32,45,57
33,18,57
33,19,57
33,20,57
33,42,57
33,43,57
33,45,57
34,18,57
34,19,57
34,20,57
34,24,57
34,25,57
34,34,57
34,36,57
34,39,57
34,43,57
34,45,57
35,18,57
35,35,57
35,38,57
35,42,57
35,43,57
35,45,57
36,18,57
36,21,57
36,25,57
36,34,57
37,19,57
37,25,57
37,26,57
37,28,57
37,38,57
37,41,57
37,44,57
38,19,57
38,26,57
38,27,57
38,35,57
38,37,57
39,20,57
39,27,57
39,30,57
39,32,57
39,34,57
40,21,57
40,28,57
41,22,57
41,26,57
41,37,57
42,23,57
42,28,57
42,30,57
42,33,57
42,35,57
43,24,57
43,29,57
43,30,57
43,31,57
43,32,57
43,33,57
43,34,57
43,35,57
44,26,57
44,37,57
45,27,57
45,28,57
45,29,57
45,30,57
45,31,57
45,32,57
45,33,57
45,34,57
45,35,57
18,28,58
18,29,58
18,30,58
18,31,58
18,32,58
18,33,58
18,34,58
18,35,58
18,36,58
19,26,58
19,27,58
19,29,58
19,30,58
19,31,58
19,32,58
19,33,58
19,34,58
19,37,58
19,38,58
20,25,58
20,26,58
20,27,58
20,29,58
20,30,58
20,31,58
20,32,58
20,33,58
20,34,58
20,39,58
21,24,58
21,25,58
21,27,58
21,36,58
21,40,58
22,23,58
22,24,58
22,41,58
23,22,58
23,23,58
23,42,58
24,21,58
24,22,58
24,30,58
24,34,58
24,43,58
25,20,58
25,21,58
25,26,58
25,28,58
25,29,58
25,34,58
25,36,58
25,37,58
26,19,58
26,20,58
26,25,58
26,27,58
26,37,58
26,38,58
26,41,58
26,44,58
27,19,58
27,20,58
27,21,58
27,26,58
27,29,58
27,38,58
27,39,58
27,45,58
28,18,58
28,25,58
28,37,58
28,40,58
28,42,58
28,45,58
29,18,58
29,19,58
29,20,58
29,25,58
29,27,58
29,43,58
29,45,58
30,18,58
30,19,58
30,20,58
30,24,58
30,39,58
30,42,58
30,43,58
30,45,58
31,18,58
31,19,58
31,20,58
31,43,58
31,45,58
32,18,58
32,19,58
32,20,58
32,39,58
32,43,58
32,45,58
33,18,58
33,19,58
33,20,58
33,42,58
33,43,58
33,45,58
34,18,58
34,19,58
34,20,58
34,24,58
34,25,58
34,34,58
34,36,58
34,39,58
34,43,58
34,45,58
35,18,58
35,35,58
35,38,58
35,42,58
35,43,58
35,45,58
36,18,58
36,21,58
36,25,58
36,34,58
37,19,58
37,25,58
37,26,58
37,28,58
37,38,58
37,41,58
37,44,58
38,19,58
38,26,58
38,27,58
38,35,58
38,37,58
39,20,58
39,27,58
39,30,58
39,32,58
39,34,58
40,21,58
40,28,58
41,22,58
41,26,58
41,37,58
42,23,58
42,28,58
42,30,58
42,33,58
42,35,58
43,24,58
43,29,58
43,30,58
43,31,58
43,32,58
43,33,58
43,34,58
43,35,58
44,26,58
44,37,58
45,27,58
45,28,58
45,29,58
45,30,58
45,31,58
45,32,58
45,33,58
45,34,58
45,35,58
18,28,59
18,29,59
18,30,59
18,31,59
18,32,59
18,33,59
18,34,59
18,35,59
18,36,59
19,26,59
19,27,59
19,29,59
19,30,59
19,31,59
19,32,59
19,33,59
19,34,59
19,37,59
19,38,59
20,25,59
20,26,59
20,27,59
20,29,59
20,30,59
20,31,59
20,32,59
20,33,59
20,34,59
20,39,59
21,24,59
21,25,59
21,27,59
21,36,59
21,40,59
22,23,59
22,24,59
22,41,59
23,22,59
23,23,59
23,42,59
24,21,59
24,22,59
24,30,59
24,34,59
24,43,59
25,20,59
25,21,59
25,26,59
25,28,59
25,29,59
25,34,59
25,36,59
25,37,59
26,19,59
26,20,59
26,25,59
26,27,59
26,37,59
26,38,59
26,41,59
26,44,59
27,19,59
27,20,59
27,21,59
27,26,59
27,29,59
27,38,59
27,39,59
27,45,59
28,18,59
28,25,59
28,37,59
28,40,59
28,42,59
28,45,59
29,18,59
29,19,59
29,20,59
29,25,59
29,27,59
29,43,59
29,45,59
30,18,59
30,19,59
30,20,59
30,24,59
30,39,59
30,42,59
30,43,59
30,45,59
31,18,59
31,19,59
31,20,59
31,43,59
31,45,59
32,18,59
32,19,59
32,20,59
32,39,59
32,43,59
32,45,59
33,18,59
33,19,59
33,20,59
33,42,59
33,43,59
33,45,59
34,18,59
34,19,59
34,20,59
34,24,59
34,25,59
34,34,59
34,36,59
34,39,59
34,43,59
34,45,59
35,18,59
35,35,59
35,38,59
35,42,59
35,43,59
35,45,59
36,18,59
36,21,59
36,25,59
36,34,59
37,19,59
37,25,59
37,26,59
37,28,59
37,38,59
37,41,59
37,44,59
38,19,59
38,26,59
38,27,59
38,35,59
38,37,59
39,20,59
39,27,59
39,30,59
39,32,59
39,34,59
40,21,59
40,28,59
41,22,59
41,26,59
41,37,59
42,23,59
42,28,59
42,30,59
42,33,59
42,35,59
43,24,59
43,29,59
43,30,59
43,31,59
43,32,59
43,33,59
43,34,59
43,35,59
44,26,59
44,37,59
45,27,59
45,28,59
45,29,59
45,30,59
45,31,59
45,32,59
45,33,59
45,34,59
45,35,59
18,28,60
18,29,60
18,30,60
18,31,60
18,32,60
18,33,60
18,34,60
18,35,60
18,36,60
19,26,60
19,27,60
19,29,60
19,30,60
19,31,60
19,32,60
19,33,60
19,34,60
19,37,60
19,38,60
20,25,60
20,26,60
20,27,60
20,29,60
20,30,60
20,31,60
20,32,60
20,33,60
20,34,60
20,39,60
21,24,60
21,25,60
21,27,60
21,36,60
21,40,60
22,23,60
22,24,60
22,41,60
23,22,60
23,23,60
23,42,60
24,21,60
24,22,60
24,30,60
24,34,60
24,43,60
25,20,60
25,21,60
25,26,60
25,28,60
25,29,60
25,34,60
25,36,60
25,37,60
26,19,60
26,20,60
26,25,60
26,27,60
26,37,60
26,38,60
26,41,60
26,44,60
27,19,60
27,20,60
27,21,60
27,26,60
27,29,60
27,38,60
27,39,60
27,45,60
28,18,60
28,25,60
28,37,60
28,40,60
28,42,60
28,45,60
29,18,60
29,19,60
29,20,60
29,25,60
29,27,60
29,43,60
29,45,60
30,18,60
30,19,60
30,20,60
30,24,60
30,39,60
30,42,60
30,43,60
30,45,60
31,18,60
31,19,60
31,20,60
31,43,60
31,45,60
32,18,60
32,19,60
32,20,60
32,39,60
32,43,60
32,45,60
33,18,60
33,19,60
33,20,60
33,42,60
33,43,60
33,45,60
34,18,60
34,19,60
34,20,60
34,24,60
34,25,60
34,34,60
34,36,60
34,39,60
34,43,60
34,45,60
35,18,60
35,35,60
35,38,60
35,42,60
35,43,60
35,45,60
36,18,60
36,21,60
36,25,60
36,34,60
37,19,60
37,25,60
37,26,60
37,28,60
37,38,60
37,41,60
37,44,60
38,19,60
38,26,60
38,27,60
38,35,60
38,37,60
39,20,60
39,27,60
39,30,60
39,32,60
39,34,60
40,21,60
40,28,60
41,22,60
41,26,60
41,37,60
42,23,60
42,28,60
42,30,60
42,33,60
42,35,60
43,24,60
43,29,60
43,30,60
43,31,60
43,32,60
43,33,60
43,34,60
43,35,60
44,26,60
44,37,60
45,27,60
45,28,60
45,29,60
45,30,60
45,31,60
45,32,60
45,33,60
45,34,60
45,35,60
18,28,61
18,29,61
18,30,61
18,31,61
18,32,61
18,33,61
18,34,61
18,35,61
18,36,61
19,26,61
19,27,61
19,29,61
19,30,61
19,31,61
19,32,61
19,33,61
19,34,61
19,37,61
19,38,61
20,25,61
20,26,61
20,27,61
20,38,61
20,39,61
21,24,61
21,25,61
21,40,61
22,23,61
22,24,61
22,41,61
23,22,61
23,23,61
24,21,61
24,22,61
25,20,61
25,21,61
26,19,61
26,20,61
27,19,61
27,20,61
27,45,61
28,18,61
29,18,61
29,19,61
30,18,61
30,19,61
31,18,61
31,19,61
32,18,61
32,19,61
33,18,61
33,19,61
34,18,61
34,19,61
35,18,61
36,18,61
37,19,61
38,19,61
38,20,61
39,20,61
40,21,61
41,22,61
42,23,61
45,27,61
18,28,62
18,29,62
18,30,62
18,31,62
18,32,62
18,33,62
18,34,62
18,35,62
18,36,62
19,26,62
19,27,62
19,36,62
19,37,62
20,25,62
20,39,62
21,24,62
22,23,62
23,22,62
24,21,62
25,20,62
26,19,62
27,19,62
28,18,62
29,18,62
30,18,62
31,18,62
32,18,62
33,18,62
34,18,62
35,18,62
36,18,62
40,21,62
41,22,62
42,23,62
43,24,62
45,27,62
20,40,63
21,41,63
23,43,63
24,43,63
27,45,63
36,18,63
38,19,63
40,20,63
41,21,63
42,22,63
43,23,63
43,24,63
