,Theta,T,u / c
0,20.439999999999998,0.025,0.17334803787035602
1,14.6062660944206,0.034984984984984986,0.20364841885599416
2,11.36313856427379,0.04496996996996997,0.229321849088618
3,9.298524590163934,0.054954954954954956,0.2518151972180928
4,7.868809248554914,0.06493993993993993,0.2719425628817959
5,6.820160320641283,0.07492492492492492,0.29021749146162124
6,6.0181432360742715,0.0849099099099099,0.30698945196879973
7,5.38490506329114,0.09489489489489489,0.3225095017750914
8,4.872240515390122,0.10487987987987987,0.3369654964096816
9,4.448705882352941,0.11486486486486486,0.35050253317151714
10,4.092916416115455,0.12484984984984984,0.3632355701539492
11,3.789821826280624,0.13483483483483483,0.37525760363641064
12,3.5285225505443236,0.1448198198198198,0.38664518149359384
13,3.300931134820563,0.1548048048048048,0.39746224506474037
14,3.1009202733485197,0.16478978978978978,0.40776288189559756
15,2.923762886597938,0.17477477477477477,0.4175933457524012
16,2.7657537586347014,0.18475975975975975,0.4269935699210111
17,2.6239475713184275,0.19474474474474474,0.4359983215989547
18,2.495973597359736,0.20472972972972972,0.44463809667349796
19,2.379902097902098,0.2147147147147147,0.45293982318306525
20,2.274146341463415,0.2246996996996997,0.46092742143468984
21,2.1773896353166986,0.23468468468468467,0.4686222551112468
22,2.0885302239950905,0.24466966966966966,0.47604349835833526
23,2.0066391509433963,0.25465465465465464,0.48320843731885726
24,1.930927659574468,0.26463963963963966,0.4901327199537266
25,1.8607217058501915,0.2746246246246246,0.4968305646498687
26,1.795441835927196,0.2846096096096096,0.5033149356769718
27,1.7345871559633028,0.2945945945945946,0.509597691747748
28,1.6777224550160217,0.3045795795795796,0.515689712582615
29,1.6244677804295942,0.3145645645645646,0.5216010073539223
30,1.5744899375433725,0.32454954954954957,0.5273408080997911
31,1.527495511669659,0.3345345345345345,0.5329176505910119
32,1.4832251035083897,0.34451951951951953,0.5383394446616512
33,1.4414485387547649,0.35450450450450455,0.5436135356423694
34,1.4019608650875386,0.3644894894894895,0.5487467582411811
35,1.36457898957498,0.37447447447447446,0.5537454839815898
36,1.3291388400702988,0.3844594594594595,0.5586156631194503
37,1.2954929577464787,0.3944444444444445,0.5633628618074987
38,1.2635084462595136,0.40442942942942944,0.5679922951525201
39,1.2330652173913044,0.4144144144144144,0.5725088567087407
40,1.2040544843445957,0.4243993993993994,0.5769171448676633
41,1.176377462841341,0.4343843843843844,0.581221486535659
42,1.1499442473390775,0.4443693693693694,0.5854259584333988
43,1.1246728354263054,0.45435435435435434,0.5895344063034437
44,1.1004882780921585,0.46433933933933935,0.5935504622723109
45,1.0773219373219372,0.47432432432432436,0.5974775605796357
46,1.0551108355293752,0.4843093093093093,0.6013189518585996
47,1.0337970838396113,0.4942942942942943,0.605077716127658
48,1.0133273782938812,0.5042792792792793,0.6087567746330423
49,0.9936525547445255,0.5142642642642643,0.6123589006639755
50,0.9747271946154948,0.5242492492492492,0.6158867294474819
51,0.9565092748735246,0.5342342342342342,0.6193427672167425
52,0.9389598565319355,0.5442192192192192,0.6227293995357907
53,0.922042806827418,0.5542042042042042,0.6260488989536862
54,0.9057245508982037,0.5641891891891891,0.6293034320529479
55,0.889973849372385,0.5741741741741742,0.6324950659497204
56,0.8747615987662254,0.5841591591591592,0.6356257742968253
57,0.8600606520090978,0.5941441441441442,0.6386974428352733
58,0.8458456567664967,0.6041291291291292,0.6417118745349594
59,0.8320929095354523,0.6141141141141141,0.6446707943609852
60,0.8187802237459401,0.6240990990990991,0.6475758536982827
61,0.8058868103244139,0.6340840840840841,0.6504286344639048
62,0.7933931693670592,0.644069069069069,0.6532306529333936
63,0.7812809917355372,0.654054054054054,0.655983363305052
64,0.7695330695308084,0.664039039039039,0.658688161023621
65,0.758133214524393,0.6740240240240241,0.6613463858828164
66,0.747066183733948,0.6840090090090091,0.6639593249243476
67,0.7363176114236262,0.693993993993994,0.6665282151494001
68,0.7258739468913299,0.703978978978979,0.6690542460571067
69,0.7157223974763407,0.713963963963964,0.6715385620232242
70,0.7058508762833143,0.7239489489489489,0.6739822645310474
71,0.6962479541734862,0.7339339339339339,0.6763864142655531
72,0.6869028156221617,0.7439189189189189,0.6787520330807957
73,0.677805218084047,0.7539039039039039,0.6810801058497344
74,0.6689454545454545,0.763888888888889,0.683371582204899
75,0.660314318975553,0.7738738738738739,0.6856273781775856
76,0.6519030744181592,0.7838588588588589,0.6878483777426666
77,0.6437034234915832,0.7938438438438439,0.6900354342755003
78,0.6357074810871393,0.8038288288288288,0.6921893719269226
79,0.6279077490774908,0.8138138138138138,0.6943109869218236
80,0.6202970928643033,0.8237987987987988,0.6964010487863802
81,0.6128687196110211,0.8337837837837838,0.6984603015086285
82,0.6056161580211762,0.8437687687687688,0.7004894646366985
83,0.5985332395357017,0.8537537537537537,0.7024892343187082
84,0.5916140808344198,0.8637387387387387,0.7044602842880208
85,0.5848530675373775,0.8737237237237238,0.7064032667972815
86,0.5782448390111291,0.8837087087087087,0.708318813504425
87,0.5717842741935484,0.8936936936936937,0.7102075363135861
88,0.5654664783583949,0.9036786786786787,0.7120700281736629
89,0.5592867707477404,0.9136636636636637,0.7139068638370676
90,0.5532406730065837,0.9236486486486487,0.7157186005810368
91,0.5473238983596012,0.9336336336336336,0.7175057788937019
92,0.5415323414750577,0.9436186186186186,0.7192689231269711
93,0.5358620689655172,0.9536036036036036,0.7210085421181384
94,0.5303093104791586,0.9635885885885885,0.7227251297820013
95,0.5248704503392968,0.9735735735735735,0.7244191656751575
96,0.5195420196931532,0.9835585585585586,0.726091115534036
97,0.5143206891340486,0.9935435435435436,0.7277414317881181
98,0.5092032617640458,1.0035285285285285,0.7293705540497102
99,0.5041866666666668,1.0135135135135134,0.7309789095815471
100,0.49926795276168123,1.0234984984984985,0.7325669137434152
101,0.49444428301612675,1.0334834834834834,0.7341349704189205
102,0.489712928987697,1.0434684684684683,0.7356834724234481
103,0.48507126567844927,1.0534534534534534,0.7372128018943027
104,0.4805167666784328,1.0634384384384383,0.7387233306639518
105,0.476046999580361,1.0734234234234232,0.7402154206172477
106,0.4716596216478415,1.0834084084084084,0.7416894240334387
107,0.46735237572095584,1.0933933933933933,0.7431456839137481
108,0.46312308634415195,1.1033783783783782,0.7445845342952371
109,0.45896965610249496,1.1133633633633633,0.7460063005516381
110,0.45489006215331157,1.1233483483483482,0.747411299681803
111,0.4508823529411765,1.1333333333333333,0.7487998405863663
112,0.4469446450850352,1.1433183183183182,0.7501722243332032
113,0.4430751204270278,1.153303303303303,0.7515287444122135
114,0.4392720232333011,1.1632882882882882,0.7528696869799467
115,0.4355336575377528,1.1732732732732731,0.7541953310945486
116,0.4318583846202652,1.1832582582582583,0.7555059489414804
117,0.42824462061155155,1.1932432432432432,0.7568018060504448
118,0.42469083421725845,1.203228228228228,0.7580831615039254
119,0.42119554455445546,1.2132132132132132,0.7593502681377186
120,0.41775731909408953,1.223198198198198,0.7606033727338324
121,0.41437477170339715,1.233183183183183,0.7618427162060878
122,0.411046560782656,1.243168168168168,0.7630685337787558
123,0.4077713874910137,1.253153153153153,0.7642810551585374
124,0.4045479940564637,1.263138138138138,0.7654805047001828
125,0.40137516216534974,1.273123123123123,0.7666671015660266
126,0.39825171142706695,1.283108108108108,0.7678410598797053
127,0.3951764979098932,1.293093093093093,0.7690025888743096
128,0.39214841274413786,1.303078078078078,0.7701518930352085
129,0.3891663807890224,1.3130630630630629,0.7712891722377704
130,0.3862293593599274,1.323048048048048,0.7724146218802059
131,0.38333633701284076,1.3330330330330329,0.7735284330117251
132,0.3804863323830287,1.343018018018018,0.774630792456214
133,0.3776783930751304,1.353003003003003,0.7757218829316131
134,0.37491159460203805,1.3629879879879878,0.7768018831651731
135,0.37218503937007874,1.372972972972973,0.777870968004759
136,0.3694978557081592,1.3829579579579578,0.7789293085263632
137,0.3668491969386656,1.3929429429429427,0.7799770721379772
138,0.3642382404880398,1.4029279279279279,0.7810144226799726
139,0.36166418703506914,1.4129129129129128,0.7820415205221242
140,0.35912625969503514,1.4228978978978977,0.7830585226574164
141,0.3566237032379755,1.4328828828828828,0.7840655827927511
142,0.3541557833394038,1.4428678678678677,0.7850628514366828
143,0.35172178586192643,1.4528528528528528,0.7860504759842949
144,0.3493210161662818,1.4628378378378377,0.787028600799328
145,0.3469527984504027,1.4728228228228226,0.7879973672936647
146,0.34461647511518406,1.4828078078078077,0.7889569140042719
147,0.3423114061557031,1.4927927927927926,0.7899073766676958
148,0.3400369685767098,1.5027777777777778,0.7908488882922052
149,0.33779255583126555,1.5127627627627627,0.7917815792276663
150,0.3355775772814673,1.5227477477477476,0.792705577233235
151,0.3333914576802508,1.5327327327327327,0.7936210075429505
152,0.33123363667331746,1.5427177177177176,0.7945279929293008
153,0.32910356832027854,1.5527027027027025,0.795426653764841
154,0.3270007206341581,1.5626876876876876,0.7963171080819297
155,0.3249245751384381,1.5726726726726725,0.7971994716306532
156,0.322874626440871,1.5826576576576574,0.7980738579350048
157,0.32085038182332426,1.5926426426426425,0.798940378347378
158,0.3188513608469575,1.6026276276276274,0.7997991421014335
159,0.31687709497206706,1.6126126126126126,0.8006502563634006
160,0.3149271271919678,1.6225975975975975,0.8014938262818643
161,0.3130010116803091,1.6325825825825824,0.8023299550360922
162,0.31109831345125466,1.6425675675675675,0.8031587438829537
163,0.3092186080319826,1.6525525525525524,0.8039802922024745
164,0.3073614811469858,1.6625375375375375,0.8047946975420819
165,0.30552652841368166,1.6725225225225224,0.8056020556595743
166,0.30371335504886,1.6825075075075073,0.8064024605648694
167,0.3019215755855217,1.6924924924924925,0.8071960045605648
168,0.30015081359968254,1.7024774774774774,0.8079827782813542
169,0.2984007014467339,1.7124624624624623,0.8087628707323333
170,0.29667088000697384,1.7224474474474474,0.8095363693262391
171,0.2949609984399376,1.7324324324324323,0.8103033599196523
172,0.2932707139471757,1.7424174174174172,0.8110639268481966
173,0.29159969154314114,1.7524024024024023,0.8118181529607738
174,0.28994760383386586,1.7623873873873872,0.8125661196528562
175,0.2883141308031176,1.7723723723723723,0.8133079068988763
176,0.2866989596057454,1.7823573573573572,0.8140435932837375
177,0.28510178436793165,1.7923423423423421,0.814773256033475
178,0.28352230599408507,1.8023273273273273,0.8154969710450926
179,0.281960231980116,1.8123123123123122,0.8162148129156068
180,0.28041527623285134,1.8222972972972973,0.816926854970315
181,0.27888715889535365,1.8322822822822822,0.8176331692903197
182,0.2773756061779209,1.842267267267267,0.8183338267393261
183,0.27588035019455254,1.8522522522522522,0.8190288969897399
184,0.2744011288046765,1.862237237237237,0.8197184485480854
185,0.2729376854599407,1.872222222222222,0.8204025487797614
186,0.2714897690558813,1.8822072072072071,0.8210812639331637
187,0.2700571337882876,1.892192192192192,0.821754659163183
188,0.2686395390140901,1.902177177177177,0.8224227985541047
189,0.2672367491166078,1.912162162162162,0.8230857451419258
190,0.26584853337499514,1.922147147147147,0.8237435609361068
191,0.26447466583773704,1.932132132132132,0.8243963069407737
192,0.2631149252000464,1.942117117117117,0.8250440431753919
193,0.26176909468502424,1.9521021021021019,0.8256868286949187
194,0.26043696192844845,1.962087087087087,0.8263247216094596
195,0.2591183188670626,1.972072072072072,0.8269577791034348
196,0.2578129616302413,1.982057057057057,0.8275860574542757
197,0.2565206904349137,1.992042042042042,0.8282096120506613
198,0.2552413094836315,2.002027027027027,0.8288284974103117
199,0.2539746268656716,2.012012012012012,0.8294427671973452
200,0.25272045446107005,2.021996996996997,0.8300524742392208
201,0.25147860784748394,2.031981981981982,0.8306576705432672
202,0.2502489062097871,2.041966966966967,0.8312584073128194
203,0.249031172252305,2.051951951951952,0.8318547349629677
204,0.24782523211359916,2.0619369369369367,0.8324467031359344
205,0.24663091528371625,2.0719219219219216,0.833034360716081
206,0.2454480545238181,2.081906906906907,0.8336177558445729
207,0.2442764857881137,2.091891891891892,0.8341969359336863
208,0.24311604814801588,2.1018768768768767,0.8347719476807899
209,0.2419665837184501,2.1118618618618616,0.8353428370819997
210,0.24082793758624355,2.1218468468468465,0.8359096494455153
211,0.23969995774052683,2.131831831831832,0.8364724294046496
212,0.23858249500508255,2.141816816816817,0.8370312209305596
213,0.23747540297257694,2.1518018018018017,0.8375860673446852
214,0.23637853794061472,2.1617867867867866,0.8381370113309047
215,0.23529175884955755,2.1717717717717715,0.8386840949474157
216,0.2342149272220502,2.1817567567567564,0.8392273596383449
217,0.2331479071041995,2.1917417417417417,0.8397668462450999
218,0.2320905650083541,2.2017267267267266,0.8403025950174626
219,0.23104276985743383,2.2117117117117115,0.8408346456244404
220,0.2300043929307607,2.2216966966966964,0.8413630371648694
221,0.22897530781134365,2.2316816816816814,0.8418878081777893
222,0.2279553903345725,2.2416666666666667,0.8424089966525854
223,0.22694451853827688,2.2516516516516516,0.8429266400389084
224,0.2259425726141079,2.2616366366366365,0.8434407752563795
225,0.22494943486020227,2.2716216216216214,0.8439514387040794
226,0.22396498963508937,2.2816066066066063,0.8444586662698387
227,0.22298912331280304,2.2915915915915916,0.8449624933393177
228,0.22202172423916236,2.3015765765765765,0.8454629548048995
229,0.2210626826891848,2.3115615615615615,0.8459600850743884
230,0.2201118908255991,2.3215465465465464,0.8464539180795206
231,0.21916924265842352,2.3315315315315313,0.8469444872842972
232,0.21823463400557888,2.3415165165165166,0.8474318256931401
233,0.21730796245450482,2.3515015015015015,0.8479159658588725
234,0.21638912732474966,2.3614864864864864,0.8483969398905341
235,0.21547802963150564,2.3714714714714713,0.8488747794610344
236,0.2145745720500615,2.381456456456456,0.8493495158146389
237,0.21367865888114526,2.391441441441441,0.849821179774309
238,0.21279019601713195,2.4014264264264265,0.8502898017488818
239,0.2119090909090909,2.4114114114114114,0.8507554117401064
240,0.21103525253464794,2.4213963963963963,0.8512180393495336
241,0.21016859136663993,2.431381381381381,0.851677713785264
242,0.20930901934253823,2.441366366366366,0.852134463868559
243,0.2084564498346196,2.4513513513513514,0.8525883180403183
244,0.2076107976208632,2.4613363363363363,0.8530393043674234
245,0.20677197885655266,2.471321321321321,0.8534874505489553
246,0.20593991104656442,2.481306306306306,0.8539327839222856
247,0.20511451301832212,2.491291291291291,0.8543753314690471
248,0.20429570489539878,2.501276276276276,0.8548151198209821
249,0.2034834080717489,2.5112612612612613,0.8552521752656791
250,0.20267754518655273,2.521246246246246,0.8556865237521891
251,0.20187804009965596,2.531231231231231,0.8561181908965375
252,0.20108481786758844,2.541216216216216,0.8565472019871233
253,0.200297804720146,2.551201201201201,0.8569735819900134
254,0.19951692803752016,2.561186186186186,0.8573973555541327
255,0.19874211632796077,2.571171171171171,0.8578185470163547
256,0.1979732992059568,2.581156156156156,0.858237180406492
257,0.19721040737092196,2.591141141141141,0.8586532794521898
258,0.19645337258637113,2.601126126126126,0.8590668675837259
259,0.19570212765957448,2.611111111111111,0.8594779679387179
260,0.19495660642167675,2.621096096096096,0.8598866033667408
261,0.19421674370826914,2.631081081081081,0.8602927964338561
262,0.19348247534040197,2.641066066066066,0.8606965694270534
263,0.1927537381060263,2.6510510510510508,0.8610979443586102
264,0.1920304697418536,2.661036036036036,0.8614969429703683
265,0.19131260891562202,2.671021021021021,0.8618935867379277
266,0.19060009520875923,2.681006006006006,0.8622878968747659
267,0.18989286909943087,2.690990990990991,0.8626798943362762
268,0.1891908719459655,2.7009759759759757,0.8630695998237327
269,0.18849404597064529,2.7109609609609606,0.8634570337881801
270,0.18780233424385398,2.720945945945946,0.8638422164342544
271,0.1871156806685727,2.730930930930931,0.8642251677239301
272,0.18643402996521408,2.7409159159159158,0.8646059073801993
273,0.18575732765678732,2.7509009009009007,0.8649844548906834
274,0.1850855200543848,2.7608858858858856,0.86536082951118
275,0.18441855424298256,2.770870870870871,0.865735050269142
276,0.18375637806754677,2.780855855855856,0.8661071359670978
277,0.18309894011943834,2.7908408408408407,0.866477105186006
278,0.18244618972310828,2.8008258258258256,0.8668449762885507
279,0.18179807692307695,2.8108108108108105,0.8672107674223782
280,0.18115455247118945,2.8207957957957954,0.8675744965232758
281,0.180515567814141,2.8307807807807808,0.8679361813182908
282,0.17988107508126536,2.8407657657657657,0.8682958393287995
283,0.1792510270725798,2.8507507507507506,0.8686534878735158
284,0.17862537724708047,2.8607357357357355,0.8690091440714495
285,0.178004079711282,2.8707207207207204,0.8693628248448146
286,0.17738708920799562,2.8807057057057057,0.8697145469218795
287,0.1767743611053397,2.8906906906906906,0.870064326839776
288,0.17616585138597718,2.9006756756756755,0.8704121809472516
289,0.17556151663657468,2.9106606606606604,0.8707581254073786
290,0.17496131403747786,2.9206456456456453,0.8711021762002141
291,0.17436520135259762,2.9306306306306307,0.8714443491254139
292,0.17377313691950266,2.9406156156156156,0.8717846598048027
293,0.173185079639713,2.9506006006006005,0.872123123684898
294,0.17260098896918982,2.9605855855855854,0.8724597560393923
295,0.1720208249090174,2.9705705705705703,0.8727945719715925
296,0.17144454799627212,2.9805555555555556,0.8731275864168159
297,0.17087211929507456,2.9905405405405405,0.8734588141447492
298,0.17030350038781997,3.0005255255255254,0.873788269761763
299,0.16973865336658356,3.0105105105105103,0.8741159677131921
300,0.16917754082469616,3.0204954954954952,0.8744419222855709
301,0.16862012584848637,3.03048048048048,0.8747661476088391
302,0.16806637200918542,3.0404654654654655,0.8750886576585035
303,0.16751624335499116,3.0504504504504504,0.8754094662577677
304,0.16696970440328715,3.0604354354354353,0.8757285870796246
305,0.16642672013301385,3.07042042042042,0.8760460336489156
306,0.165887255977188,3.080405405405405,0.8763618193443534
307,0.165351277815567,3.0903903903903904,0.8766759574005141
308,0.16481875196745527,3.1003753753753753,0.8769884609097945
309,0.1642896451846488,3.1103603603603602,0.8772993428243381
310,0.16376392464451556,3.120345345345345,0.8776086159579292
311,0.163241557943208,3.13033033033033,0.8779162929878572
312,0.16272251308900526,3.140315315315315,0.8782223864567483
313,0.1622067584957819,3.1503003003003003,0.8785269087743702
314,0.16169426297660056,3.160285285285285,0.8788298722194049
315,0.16118499573742542,3.17027027027027,0.8791312889411957
316,0.16067892637095443,3.180255255255255,0.8794311709614635
317,0.16017602485056717,3.19024024024024,0.8797295301759972
318,0.15967626152438597,3.2002252252252252,0.8800263783563167
319,0.1591796071094481,3.21021021021021,0.8803217271513085
320,0.15868603268598608,3.220195195195195,0.8806155880888368
321,0.15819550969181426,3.23018018018018,0.8809079725773278
322,0.15770800991681921,3.240165165165165,0.8811988919073299
323,0.1572235054975515,3.25015015015015,0.8814883572530484
324,0.1567419689119171,3.260135135135135,0.8817763796738551
325,0.15626337297396575,3.27012012012012,0.882062970115779
326,0.1557876908287748,3.280105105105105,0.8823481394129667
327,0.1553148959474261,3.29009009009009,0.8826318982891251
328,0.15484496212207385,3.300075075075075,0.8829142573589404
329,0.1543778634611023,3.31006006006006,0.8831952271294736
330,0.15391357438437014,3.320045045045045,0.8834748180015369
331,0.1534520696185409,3.33003003003003,0.8837530402710464
332,0.15299332419249703,3.3400150150150147,0.8840299041303563
333,0.15253731343283583,3.3499999999999996,0.8843054196695702
334,0.15208401295944587,3.359984984984985,0.8845795968778338
335,0.15163339868116202,3.36996996996997,0.8848524456446094
336,0.1511854467914973,3.379954954954955,0.8851239757609263
337,0.15074013376445056,3.3899399399399397,0.8853941969206168
338,0.15029743635038756,3.3999249249249246,0.885663118721533
339,0.1498573315719947,3.40990990990991,0.8859307506667412
340,0.14941979672030384,3.419894894894895,0.8861971021657034
341,0.1489848093507858,3.4298798798798797,0.886462182535438
342,0.1485523472795129,3.4398648648648646,0.8867260010016638
343,0.1481223885793872,3.4498498498498495,0.8869885666999271
344,0.14769491157643486,3.4598348348348344,0.8872498886767125
345,0.14726989484616385,3.46981981981982,0.8875099758905357
346,0.1468473172099847,3.4798048048048047,0.8877688372130215
347,0.14642715773169263,3.4897897897897896,0.8880264814299652
348,0.14600939571400992,3.4997747747747745,0.8882829172423788
349,0.14559401069518718,3.5097597597597594,0.8885381532675208
350,0.1451809824456626,3.5197447447447447,0.8887921980399125
351,0.14477029096477795,3.5297297297297296,0.8890450600123379
352,0.1443619164775499,3.5397147147147145,0.8892967475568292
353,0.14395583943149615,3.5496996996996995,0.88954726896564
354,0.14355204049351472,3.5596846846846844,0.8897966324522009
355,0.14315050054681586,3.5696696696696697,0.8900448461520641
356,0.14275120068790503,3.5796546546546546,0.8902919181238332
357,0.1423541222236165,3.5896396396396395,0.8905378563500789
358,0.14195924666819615,3.5996246246246244,0.890782668738244
359,0.14156655574043261,3.6096096096096093,0.8910263631215325
360,0.14117603136083628,3.6195945945945946,0.8912689472597869
361,0.14078765564886445,3.6295795795795796,0.8915104288403556
362,0.14040141092019226,3.6395645645645645,0.8917508154789425
363,0.14001727968402863,3.6495495495495494,0.8919901147204503
364,0.13963524464047597,3.6595345345345343,0.8922283340398084
365,0.13925528867793283,3.669519519519519,0.8924654808427893
366,0.13887739487053927,3.6795045045045045,0.8927015624668153
367,0.13850154647566337,3.6894894894894894,0.8929365861817525
368,0.13812772693142847,3.6994744744744743,0.8931705591906932
369,0.1377559198542805,3.709459459459459,0.8934034886307283
370,0.13738610903659448,3.719444444444444,0.8936353815737096
371,0.13701827844431919,3.7294294294294295,0.8938662450269995
372,0.13665241221466,3.7394144144144144,0.8940960859342114
373,0.13628849465379841,3.7493993993993993,0.8943249111759407
374,0.13592651023464805,3.759384384384384,0.8945527275704839
375,0.13556644359464629,3.769369369369369,0.8947795418745489
376,0.135208279533581,3.779354354354354,0.8950053607839552
377,0.13485200301145145,3.7893393393393393,0.8952301909343252
378,0.13449759914636317,3.799324324324324,0.8954540389017649
379,0.13414505321245568,3.809309309309309,0.8956769112035353
380,0.13379435063786294,3.819294294294294,0.8958988142987164
381,0.1334454770027056,3.829279279279279,0.8961197545888603
382,0.13309841803711453,3.8392642642642643,0.8963397384186363
383,0.13275315961928538,3.849249249249249,0.8965587720764668
384,0.13240968777356288,3.859234234234234,0.8967768617951548
385,0.13206798866855526,3.869219219219219,0.8969940137525034
386,0.13172804861527745,3.879204204204204,0.8972102340719269
387,0.13138985406532314,3.889189189189189,0.8974255288230529
388,0.13105339160906485,3.899174174174174,0.8976399040223171
389,0.13071864797388133,3.909159159159159,0.8978533656335494
390,0.1303856100224125,3.919144144144144,0.8980659195685541
391,0.13005426475084073,3.929129129129129,0.8982775716876797
392,0.12972459928719815,3.939114114114114,0.8984883278003833
393,0.1293966008897,3.949099099099099,0.8986981936657864
394,0.12907025694510288,3.959084084084084,0.8989071749932239
395,0.12874555496708784,3.969069069069069,0.8991152774427853
396,0.12842248259466804,3.9790540540540538,0.8993225066258498
397,0.12810102759061995,3.9890390390390387,0.8995288681056136
398,0.12778117783993842,3.999024024024024,0.89973436739761
399,0.1274629213483146,4.009009009009009,0.8999390099702245
400,0.1271462462406366,4.018993993993994,0.9001428012451995
401,0.12683114075951255,4.028978978978979,0.9003457465981382
402,0.1265175932638153,4.0389639639639645,0.9005478513589954
403,0.12620559222724914,4.048948948948949,0.9007491208125674
404,0.12589512623693702,4.058933933933934,0.9009495601989731
405,0.12558618399202923,4.068918918918919,0.9011491747141275
406,0.12527875430233198,4.078903903903904,0.9013479695102135
407,0.1249728260869565,4.0888888888888895,0.901545949696143
408,0.12466838837298753,4.098873873873874,0.9017431203380143
409,0.12436543029417138,4.108858858858859,0.9019394864595648
410,0.12406394108962325,4.118843843843844,0.9021350530426152
411,0.1237639101025529,4.128828828828829,0.9023298250275096
412,0.12346532677900922,4.138813813813814,0.9025238073135516
413,0.12316818066664253,4.148798798798799,0.9027170047594302
414,0.12287246141348496,4.158783783783784,0.902909422183647
415,0.12257815876674831,4.168768768768769,0.9031010643649303
416,0.12228526257163902,4.178753753753754,0.903291936042652
417,0.12199376277019033,4.188738738738739,0.9034820419172325
418,0.12170364940011086,4.198723723723724,0.9036713866505441
419,0.12141491259364966,4.208708708708709,0.9038599748663109
420,0.1211275425764775,4.218693693693694,0.9040478111504968
421,0.1208415296665838,4.228678678678679,0.9042349000516975
422,0.12055686427318937,4.238663663663664,0.9044212460815225
423,0.1202735368956743,4.248648648648649,0.9046068537149733
424,0.11999153812252092,4.258633633633634,0.9047917273908138
425,0.11971085863027191,4.268618618618619,0.9049758715119464
426,0.11943148918250249,4.278603603603604,0.9051592904457689
427,0.11915342062880749,4.288588588588589,0.9053419885245403
428,0.11887664390380215,4.298573573573574,0.9055239700457318
429,0.11860115002613694,4.308558558558559,0.9057052392723834
430,0.1183269300975262,4.3185435435435435,0.9058858004334442
431,0.11805397530178992,4.328528528528529,0.9060656577241223
432,0.11778227690390905,4.338513513513513,0.9062448153062174
433,0.1175118262490936,4.348498498498499,0.9064232773084592
434,0.11724261476186373,4.358483483483484,0.9066010478268365
435,0.11697463394514333,4.3684684684684685,0.9067781309249238
436,0.11670787537936592,4.378453453453454,0.9069545306342032
437,0.11644233072159306,4.388438438438438,0.9071302509543843
438,0.11617799170464436,4.398423423423424,0.9073052958537194
439,0.11591485013623977,4.408408408408409,0.9074796692693123
440,0.11565289789815303,4.418393393393393,0.9076533751074288
441,0.11539212694537686,4.428378378378379,0.9078264172437972
442,0.11513252930529949,4.438363363363363,0.907998799523912
443,0.11487409707689192,4.448348348348349,0.9081705257633271
444,0.11461682242990653,4.458333333333334,0.9083415997479519
445,0.11436069760408615,4.468318318318318,0.9085120252343385
446,0.11410571490838375,4.478303303303304,0.9086818059499694
447,0.1138518667201927,4.488288288288288,0.9088509455935398
448,0.11359914548458701,4.4982732732732735,0.9090194478352374
449,0.11334754371357202,4.508258258258259,0.9091873163170171
450,0.1130970539853447,4.518243243243243,0.9093545546528783
451,0.11284766894356389,4.528228228228229,0.9095211664291287
452,0.11259938129663022,4.538213213213213,0.9096871552046569
453,0.11235218381697533,4.5481981981981985,0.9098525245111913
454,0.11210606934036069,4.558183183183184,0.9100172778535638
455,0.11186103076518537,4.568168168168168,0.9101814187099654
456,0.11161706105180301,4.578153153153154,0.9103449505322033
457,0.1113741532218477,4.588138138138138,0.9105078767459481
458,0.11113230035756853,4.598123123123123,0.9106702007509879
459,0.110891495601173,4.608108108108109,0.9108319259214707
460,0.11065173215417878,4.618093093093093,0.9109930556061479
461,0.11041300327677382,4.628078078078079,0.9111535931286143
462,0.11017530228718497,4.638063063063063,0.9113135417875492
463,0.1099386225610544,4.648048048048048,0.9114729048569462
464,0.10970295753082439,4.658033033033034,0.9116316855863476
465,0.10946830068512979,4.668018018018018,0.9117898872010755
466,0.10923464556819822,4.6780030030030035,0.9119475129024559
467,0.10900198577925822,4.687987987987988,0.9121045658680454
468,0.10877031497195455,4.697972972972973,0.9122610492518518
469,0.10853962685377133,4.707957957957958,0.9124169661845536
470,0.10830991518546218,4.717942942942943,0.9125723197737176
471,0.10808117378048779,4.7279279279279285,0.9127271131040122
472,0.10785339650446053,4.737912912912913,0.9128813492374209
473,0.10762657727459599,4.747897897897898,0.9130350312134508
474,0.10740071005917161,4.757882882882883,0.9131881620493406
475,0.10717578887699188,4.767867867867868,0.9133407447402657
476,0.1069518077968605,4.777852852852853,0.9134927822595404
477,0.10672876093705899,4.787837837837838,0.913644277558819
478,0.1065066424648317,4.797822822822823,0.9137952335682941
479,0.10628544659587758,4.807807807807808,0.9139456531968927
480,0.10606516759384788,4.817792792792793,0.9140955393324696
481,0.1058457997698504,4.827777777777778,0.9142448948420001
482,0.10562733748195968,4.837762762762763,0.9143937225717693
483,0.10540977513473332,4.847747747747748,0.9145420253475597
484,0.10519310717873426,4.857732732732733,0.9146898059748375
485,0.10497732811005892,4.867717717717718,0.9148370672389347
486,0.10476243246987116,4.877702702702703,0.914983811905232
487,0.104548414843942,4.887687687687688,0.9151300427193382
488,0.10433526986219475,4.897672672672673,0.9152757624072678
489,0.10412299219825609,4.907657657657658,0.9154209736756161
490,0.1039115765690121,4.917642642642643,0.9155656792117339
491,0.10370101773417026,4.927627627627628,0.9157098816838993
492,0.1034913104958263,4.937612612612613,0.9158535837414875
493,0.10328244969803647,4.947597597597598,0.9159967880151376
494,0.10307443022639509,4.9575825825825826,0.9161394971169239
495,0.10286724700761697,4.967567567567568,0.9162817136405151
496,0.10266089500912506,4.977552552552552,0.9164234401613403
497,0.10245536923864286,4.987537537537538,0.916564679236749
498,0.10225066474379196,4.997522522522523,0.9167054334061709
499,0.10204677661169416,5.0075075075075075,0.9168457051912748
500,0.1018436999685784,5.017492492492493,0.916985497096123
501,0.10164142997939253,5.027477477477477,0.9171248116073256
502,0.10143996184741948,5.037462462462463,0.9172636511941962
503,0.10123929081389814,5.047447447447448,0.9174020183088992
504,0.10103941215764863,5.0574324324324325,0.9175399153866022
505,0.10084032119470206,5.067417417417418,0.9176773448456234
506,0.10064201327793468,5.077402402402402,0.917814309087577
507,0.10044448379670622,5.087387387387388,0.91795081049752
508,0.10024772817650264,5.097372372372373,0.9180868514440933
509,0.10005174187858298,5.107357357357357,0.9182224342796669
510,0.09985652039963029,5.117342342342343,0.9183575613404764
511,0.09966205927140682,5.127327327327327,0.918492234946766
512,0.09946835406041298,5.137312312312313,0.9186264574029226
513,0.09927540036755053,5.147297297297298,0.9187602309976144
514,0.0990831938277895,5.157282282282282,0.918893558003924
515,0.09889173010983901,5.167267267267268,0.919026440679483
516,0.098701004915822,5.177252252252252,0.9191588812666033
517,0.09851101398095348,5.1872372372372375,0.9192908819924079
518,0.09832175307322287,5.197222222222223,0.9194224450689589
519,0.09813321799307959,5.207207207207207,0.9195535726933887
520,0.09794540457312247,5.217192192192193,0.9196842670480222
521,0.09775830867779278,5.227177177177177,0.919814530300507
522,0.09757192620307056,5.2371621621621625,0.9199443646039324
523,0.09738625307617466,5.247147147147148,0.9200737720969566
524,0.09720128525526597,5.257132132132132,0.9202027549039249
525,0.09701701872915419,5.267117117117118,0.9203313151349927
526,0.09683344951700787,5.277102102102102,0.9204594548862427
527,0.0966505736680677,5.287087087087087,0.9205871762398037
528,0.09646838726136314,5.297072072072073,0.9207144812639666
529,0.09628688640543216,5.307057057057057,0.9208413720133011
530,0.09610606723804413,5.317042042042043,0.9209678505287683
531,0.09592592592592593,5.327027027027027,0.9210939188378362
532,0.09574645866449098,5.337012012012012,0.9212195789545894
533,0.09556766167757154,5.346996996996997,0.9213448328798423
534,0.09538953121715367,5.356981981981982,0.9214696826012472
535,0.09521206356311548,5.3669669669669675,0.9215941300934025
536,0.09503525502296813,5.376951951951952,0.9217181773179639
537,0.09485910193159963,5.386936936936937,0.921841826223747
538,0.09468360065102174,5.396921921921922,0.9219650787468352
539,0.09450874757011941,5.406906906906907,0.9220879368106835
540,0.09433453910440313,5.4168918918918925,0.9222104023262215
541,0.09416097169576405,5.426876876876877,0.9223324771919563
542,0.0939880418122316,5.436861861861862,0.9224541632940745
543,0.09381574594773404,5.446846846846847,0.9225754625065418
544,0.09364408062186146,5.456831831831832,0.9226963766912026
545,0.0934730423796314,5.466816816816817,0.9228169076978787
546,0.09330262779125714,5.476801801801802,0.9229370573644667
547,0.09313283345191833,5.486786786786787,0.9230568275170352
548,0.09296365598153435,5.496771771771772,0.9231762199699184
549,0.09279509202453988,5.506756756756757,0.9232952365258131
550,0.09262713824966318,5.516741741741742,0.923413878975872
551,0.09245979134970658,5.526726726726727,0.9235321490997949
552,0.09229304804132937,5.536711711711712,0.9236500486659228
553,0.09212690506483312,5.546696696696697,0.9237675794313278
554,0.0919613591839492,5.556681681681682,0.9238847431419034
555,0.09179640718562873,5.566666666666667,0.9240015415324536
556,0.09163204587983469,5.576651651651652,0.9241179763267826
557,0.09146827209933614,5.586636636636637,0.9242340492377806
558,0.09130508269950502,5.596621621621622,0.9243497619675122
559,0.09114247455811463,5.606606606606607,0.9244651162073009
560,0.09098044457514069,5.616591591591591,0.9245801136378157
561,0.09081898967256424,5.626576576576577,0.9246947559291538
562,0.0906581067941768,5.636561561561562,0.9248090447409254
563,0.09049779290538744,5.6465465465465465,0.9249229817223362
564,0.09033804499303205,5.656531531531532,0.9250365685122681
565,0.09017886006518457,5.666516516516516,0.9251498067393625
566,0.0900202351509701,5.676501501501502,0.9252626980220986
567,0.08986216730038023,5.686486486486487,0.9253752439688744
568,0.08970465358409004,5.6964714714714715,0.9254874461780848
569,0.08954769109327719,5.706456456456457,0.9255993062381995
570,0.08939127693944289,5.716441441441441,0.925710825727842
571,0.08923540825423462,5.726426426426427,0.9258220062158646
572,0.0890800821892709,5.736411411411412,0.9259328492614245
573,0.0889252959159677,5.746396396396396,0.9260433564140593
574,0.0887710466253668,5.756381381381382,0.9261535292137627
575,0.08861733152796585,5.766366366366366,0.9262633691910555
576,0.08846414785355013,5.776351351351352,0.9263728778670625
577,0.08831149285102628,5.786336336336337,0.9264820567535813
578,0.08815936378825755,5.796321321321321,0.926590907353157
579,0.08800775795190069,5.806306306306307,0.9266994311591514
580,0.08785667264724485,5.816291291291291,0.9268076296558138
581,0.08770610519805169,5.8262762762762765,0.9269155043183515
582,0.08755605294639755,5.836261261261262,0.9270230566129992
583,0.08740651325251696,5.846246246246246,0.9271302879970863
584,0.08725748349464778,5.856231231231232,0.9272371999191059
585,0.08710896106887814,5.866216216216216,0.9273437938187812
586,0.08696094338899464,5.8762012012012015,0.9274500711271324
587,0.08681342788633233,5.886186186186187,0.9275560332665438
588,0.08666641200962603,5.896171171171171,0.9276616816508282
589,0.08651989322486335,5.906156156156157,0.9277670176852908
590,0.08637386901513902,5.916141141141141,0.9278720427667971
591,0.08622833688051079,5.926126126126126,0.9279767582838306
592,0.0860832943378568,5.936111111111112,0.9280811656165633
593,0.08593873892073432,5.946096096096096,0.928185266136911
594,0.08579466817923993,5.956081081081082,0.9282890612086003
595,0.08565107967987115,5.966066066066066,0.9283925521872286
596,0.08550797100538937,5.976051051051051,0.9284957404203229
597,0.08536533975468433,5.986036036036036,0.928598627247404
598,0.08522318354263964,5.996021021021021,0.9287012140000425
599,0.08508149999999999,6.0060060060060065,0.9288035020019199
600,0.08494028677323949,6.015990990990991,0.9289054925688873
601,0.08479954152443127,6.025975975975976,0.9290071870090235
602,0.08465926193111856,6.035960960960961,0.9291085866226914
603,0.08451944568618686,6.045945945945946,0.9292096927025971
604,0.08438009049773755,6.0559309309309315,0.9293105065338453
605,0.08424119408896259,6.065915915915916,0.9294110293939951
606,0.08410275419802053,6.075900900900901,0.9295112625531167
607,0.08396476857791375,6.085885885885886,0.9296112072738459
608,0.08382723499636686,6.095870870870871,0.9297108648114389
609,0.08369015123570638,6.105855855855856,0.9298102364138259
610,0.08355351509274149,6.115840840840841,0.9299093233216655
611,0.083417324378646,6.125825825825826,0.9300081267683976
612,0.08328157691884154,6.135810810810811,0.9301066479802969
613,0.08314627055288168,6.145795795795796,0.930204888176523
614,0.08301140313433746,6.155780780780781,0.9303028485691741
615,0.08287697253068381,6.165765765765766,0.9304005303633388
616,0.08274297662318716,6.175750750750751,0.9304979347571447
617,0.08260941330679418,6.185735735735736,0.9305950629418113
618,0.08247628049002144,6.195720720720721,0.9306919161016987
619,0.08234357609484635,6.205705705705706,0.9307884954143565
620,0.08221129805659899,6.215690690690691,0.9308848020505759
621,0.082079444323855,6.225675675675676,0.9309808371744338
622,0.08194801285832963,6.235660660660661,0.9310766019433455
623,0.08181700163477257,6.245645645645646,0.9311720975081109
624,0.08168640864086409,6.25563063063063,0.9312673250129601
625,0.08155623187711183,6.265615615615616,0.9313622855956039
626,0.08142646935674892,6.275600600600601,0.9314569803872783
627,0.0812971191056328,6.2855855855855856,0.9315514105127909
628,0.08116817916214508,6.295570570570571,0.9316455770905673
629,0.08103964757709252,6.305555555555555,0.9317394812326959
630,0.08091152241360865,6.315540540540541,0.9318331240449739
631,0.08078380174705659,6.325525525525526,0.9319265066269513
632,0.08065648366493264,6.3355105105105105,0.932019630071975
633,0.08052956626677078,6.345495495495496,0.9321124954672336
634,0.0804030476640482,6.35548048048048,0.9322051038937996
635,0.08027692598009152,6.365465465465466,0.9322974564266744
636,0.0801511993499841,6.375450450450451,0.9323895541348295
637,0.08002586592047406,6.3854354354354355,0.9324813980812501
638,0.07990092384988319,6.395420420420421,0.9325729893229752
639,0.07977637130801687,6.405405405405405,0.9326643289111426
640,0.07965220647607457,6.415390390390391,0.9327554178910274
641,0.07952842754656135,6.425375375375376,0.9328462573020844
642,0.07940503272320022,6.43536036036036,0.9329368481779877
643,0.07928202022084517,6.445345345345346,0.9330271915466727
644,0.07915938826539513,6.45533033033033,0.933117288430375
645,0.07903713509370863,6.465315315315316,0.9332071398456703
646,0.07891525895351938,6.475300300300301,0.9332967468035127
647,0.07879375810335247,6.485285285285285,0.9333861103092764
648,0.07867263081244148,6.495270270270271,0.9334752313627915
649,0.07855187536064628,6.505255255255255,0.9335641109583838
650,0.07843149003837156,6.5152402402402405,0.9336527500849119
651,0.07831147314648626,6.525225225225226,0.9337411497258068
652,0.0781918229962435,6.53521021021021,0.9338293108591079
653,0.07807253790920143,6.545195195195196,0.9339172344574989
654,0.07795361621714482,6.55518018018018,0.9340049214883477
655,0.07783505626200714,6.5651651651651655,0.9340923729137398
656,0.07771685639579361,6.575150150150151,0.934179589690517
657,0.07759901498050482,6.585135135135135,0.9342665727703112
658,0.07748153038806106,6.595120120120121,0.9343533230995813
659,0.07736440100022733,6.605105105105105,0.9344398416196482
660,0.07724762520853903,6.61509009009009,0.9345261292667291
661,0.07713120141422841,6.625075075075075,0.9346121869719738
662,0.07701512802815148,6.63506006006006,0.9346980156614975
663,0.07689940347071583,6.645045045045046,0.9347836162564157
664,0.0767840261718089,6.65503003003003,0.9348689896728783
665,0.07666899457072698,6.665015015015015,0.9349541368221025
666,0.07655430711610488,6.675,0.9350390586104064
667,0.0764399622658461,6.684984984984985,0.9351237559392427
668,0.07632595848705383,6.6949699699699705,0.9352082297052308
669,0.07621229425596238,6.704954954954955,0.9352924808001895
670,0.07609896805786925,6.71493993993994,0.9353765101111682
671,0.07598597838706797,6.724924924924925,0.9354603185204818
672,0.07587332374678125,6.73490990990991,0.9355439069057392
673,0.07576100264909508,6.7448948948948955,0.9356272761398767
674,0.07564901361489303,6.75487987987988,0.935710427091188
675,0.07553735517379145,6.764864864864865,0.9357933606233569
676,0.0754260258640751,6.77484984984985,0.9358760775954863
677,0.07531502423263328,6.784834834834835,0.9359585788621292
678,0.07520434883489674,6.79481981981982,0.9360408652733193
679,0.07509399823477493,6.804804804804805,0.9361229376746012
680,0.07498397100459388,6.81478978978979,0.9362047969070589
681,0.07487426572503465,6.824774774774775,0.936286443807347
682,0.07476488098507234,6.83475975975976,0.9363678792077185
683,0.0746558153819155,6.844744744744745,0.9364491039360548
684,0.07454706752094628,6.85472972972973,0.9365301188158944
685,0.07443863601566088,6.864714714714715,0.9366109246664605
686,0.07433051948761071,6.8746996996997,0.9366915223026909
687,0.07422271656634388,6.884684684684685,0.9367719125352656
688,0.07411522588934744,6.894669669669669,0.9368520961706336
689,0.07400804610198979,6.904654654654655,0.9369320740110418
690,0.07390117585746392,6.91463963963964,0.9370118468545632
691,0.073794613816731,6.924624624624625,0.9370914154951216
692,0.0736883586484643,6.93460960960961,0.9371707807225216
693,0.07358240902899398,6.944594594594594,0.9372499433224731
694,0.07347676364225185,6.95457957957958,0.9373289040766188
695,0.07337142117971714,6.964564564564565,0.9374076637625613
696,0.07326638034036233,6.9745495495495495,0.9374862231538886
697,0.07316163983059956,6.984534534534535,0.9375645830201998
698,0.07305719836422768,6.994519519519519,0.9376427441271314
699,0.07295305466237942,7.004504504504505,0.9377207072363831
700,0.07284920745346933,7.01448948948949,0.9377984731057427
701,0.07274565547314195,7.0244744744744745,0.9378760424891107
702,0.07264239746422053,7.03445945945946,0.9379534161365279
703,0.07253943217665615,7.044444444444444,0.938030594794197
704,0.07243675836747725,7.05442942942943,0.9381075792045094
705,0.07233437480073965,7.064414414414415,0.9381843701060679
706,0.07223228024747695,7.074399399399399,0.9382609682337132
707,0.07213047348565131,7.084384384384385,0.9383373743185456
708,0.07202895330010477,7.094369369369369,0.9384135890879511
709,0.07192771848251082,7.104354354354355,0.938489613265623
710,0.07182676783132656,7.11433933933934,0.9385654475715866
711,0.07172610015174508,7.124324324324324,0.9386410927222222
712,0.07162571425564827,7.13430930930931,0.9387165494302886
713,0.0715256089615603,7.144294294294294,0.9387918184049462
714,0.07142578309460097,7.1542792792792795,0.9388669003517783
715,0.07132623548644003,7.164264264264265,0.9389417959728162
716,0.07122696497525141,7.174249249249249,0.9390165059665591
717,0.07112797040566807,7.184234234234235,0.939091031027998
718,0.0710292506287372,7.194219219219219,0.9391653718486374
719,0.07093080450187578,7.2042042042042045,0.939239529116518
720,0.07083263088882645,7.21418918918919,0.9393135035162357
721,0.07073472865961383,7.224174174174174,0.9393872957289674
722,0.07063709669050114,7.23415915915916,0.9394609064324893
723,0.07053973386394727,7.244144144144144,0.9395343363011988
724,0.07044263906856403,7.254129129129129,0.9396075860061364
725,0.07034581119907399,7.264114114114114,0.9396806562150063
726,0.07024924915626839,7.274099099099099,0.9397535475921972
727,0.0701529518469657,7.284084084084085,0.9398262607988024
728,0.07005691818397028,7.294069069069069,0.9398987964926421
729,0.06996114708603145,7.304054054054054,0.9399711553282808
730,0.06986563747780299,7.314039039039039,0.94004333795705
731,0.06977038828980278,7.324024024024024,0.9401153450270674
732,0.06967539845837299,7.3340090090090095,0.9401871771832568
733,0.06958066692564045,7.343993993993994,0.9402588350673677
734,0.0694861926394773,7.353978978978979,0.9403303193179949
735,0.0693919745534622,7.363963963963964,0.9404016305705987
736,0.06929801162684152,7.373948948948949,0.9404727694575227
737,0.06920430282449112,7.3839339339339345,0.9405437366080143
738,0.06911084711687837,7.393918918918919,0.9406145326482436
739,0.06901764348002433,7.403903903903904,0.9406851582013216
740,0.06892469089546648,7.413888888888889,0.9407556138873194
741,0.06883198835022146,7.423873873873874,0.940825900323287
742,0.0687395348367485,7.433858858858859,0.9408960181232704
743,0.0686473293529127,7.443843843843844,0.9409659678983325
744,0.06855537090194894,7.453828828828829,0.9410357502565693
745,0.06846365849242592,7.463813813813814,0.9411053658031276
746,0.06837219113821057,7.473798798798799,0.941174815140225
747,0.06828096785843264,7.483783783783784,0.9412440988671662
748,0.06818998767744973,7.493768768768769,0.9413132175803604
749,0.0680992496248124,7.503753753753754,0.94138217187334
750,0.06800875273522976,7.513738738738739,0.9414509623367775
751,0.06791849604853516,7.523723723723724,0.9415195895585021
752,0.06782847860965231,7.5337087087087085,0.9415880541235184
753,0.06773869946856154,7.543693693693694,0.9416563566140219
754,0.06764915768026636,7.553678678678679,0.9417244976094165
755,0.06755985230476039,7.563663663663664,0.9417924776863317
756,0.06747078240699438,7.573648648648649,0.9418602974186384
757,0.06738194705684361,7.583633633633633,0.9419279573774667
758,0.06729334532907551,7.593618618618619,0.9419954581312209
759,0.06720497630331754,7.603603603603604,0.9420628002455965
760,0.06711683906402532,7.613588588588589,0.9421299842835971
761,0.06702893270045103,7.623573573573574,0.9421970108055491
762,0.06694125630661199,7.633558558558558,0.942263880369118
763,0.06685380898125957,7.643543543543544,0.9423305935293254
764,0.06676658982784835,7.653528528528529,0.9423971508385636
765,0.06667959795450538,7.6635135135135135,0.9424635528466109
766,0.06659283247399986,7.673498498498499,0.9425298001006488
767,0.06650629250371297,7.683483483483483,0.9425958931452758
768,0.0664199771656079,7.693468468468469,0.9426618325225229
769,0.06633388558620017,7.703453453453454,0.9427276187718694
770,0.06624801689652823,7.7134384384384385,0.9427932524302579
771,0.06616237023212411,7.723423423423424,0.9428587340321084
772,0.0660769447329845,7.733408408408408,0.9429240641093345
773,0.06599173954354191,7.743393393393394,0.9429892431913568
774,0.06590675381263617,7.753378378378379,0.9430542718051186
775,0.065821986693486,7.763363363363363,0.9431191504751
776,0.06573743734366096,7.773348348348349,0.9431838797233317
777,0.06565310492505354,7.783333333333333,0.9432484600694113
778,0.06556898860385138,7.793318318318319,0.943312892030515
779,0.0654850875505099,7.803303303303304,0.9433771761214138
780,0.065401400939725,7.813288288288288,0.9434413128544863
781,0.06531792795040592,7.823273273273274,0.9435053027397333
782,0.06523466776564851,7.833258258258258,0.943569146284791
783,0.06515161957270847,7.8432432432432435,0.9436328439949461
784,0.06506878256297499,7.853228228228229,0.9436963963731468
785,0.06498615593194447,7.863213213213213,0.94375980392002
786,0.06490373887919444,7.873198198198199,0.9438230671338821
787,0.06482153060835778,7.883183183183183,0.9438861865107523
788,0.06473953032709702,7.8931681681681685,0.9439491625443673
789,0.06465773724707895,7.903153153153153,0.9440119957261942
790,0.06457615058394922,7.913138138138138,0.9440746865454427
791,0.06449476955730746,7.923123123123124,0.944137235489079
792,0.06441359339068223,7.933108108108108,0.9441996430418378
793,0.0643326213115064,7.943093093093093,0.9442619096862361
794,0.06425185255109266,7.953078078078078,0.9443240359025853
795,0.06417128634460911,7.963063063063063,0.9443860221690039
796,0.06409092193105526,7.973048048048049,0.9444478689614311
797,0.06401075855323791,7.983033033033033,0.9445095767536367
798,0.06393079545774746,7.993018018018018,0.9445711460172367
799,0.06385103189493434,8.003003003003002,0.9446325772217031
800,0.06377146711888546,8.012987987987987,0.9446938708343776
801,0.06369210038740104,8.022972972972973,0.9447550273204824
802,0.06361293096197161,8.032957957957958,0.9448160471431342
803,0.06353395810775492,8.042942942942943,0.9448769307633537
804,0.06345518109355335,8.052927927927929,0.9449376786400797
805,0.06337659919179128,8.062912912912912,0.9449982912301796
806,0.06329821167849271,8.072897897897898,0.9450587689884616
807,0.06322001783325903,8.082882882882883,0.9451191123676861
808,0.06314201693924691,8.092867867867868,0.9451793218185774
809,0.06306420828314648,8.102852852852854,0.9452393977898355
810,0.06298659115515949,8.112837837837837,0.9452993407281467
811,0.06290916484897778,8.122822822822823,0.9453591510781956
812,0.06283192866176185,8.132807807807808,0.9454188292826765
813,0.0627548818941196,8.142792792792793,0.9454783757823033
814,0.06267802385008517,8.152777777777779,0.945537791015823
815,0.06260135383709808,8.162762762762762,0.9455970754200239
816,0.06252487116598231,8.172747747747747,0.9456562294297486
817,0.062448575150925736,8.182732732732733,0.945715253477904
818,0.06237246510945962,8.192717717717718,0.9457741479954728
819,0.062296540362438216,8.202702702702704,0.9458329134115223
820,0.06222080023401864,8.212687687687687,0.945891550153218
821,0.06214524405164071,8.222672672672672,0.9459500586458324
822,0.06206987114600717,8.232657657657658,0.9460084393127549
823,0.06199468085106383,8.242642642642643,0.9460666925755047
824,0.06191967250397998,8.252627627627628,0.9461248188537372
825,0.061844845445128936,8.262612612612612,0.9461828185652595
826,0.06177019901806863,8.272597597597597,0.9462406921260361
827,0.061695732569522495,8.282582582582583,0.9462984399502012
828,0.06162144544936038,8.292567567567568,0.9463560624500684
829,0.061547337010579614,8.302552552552553,0.9464135600361412
830,0.06147340660928624,8.312537537537537,0.9464709331171219
831,0.06139965360467634,8.322522522522522,0.946528182099923
832,0.06132607735901756,8.332507507507508,0.9465853073896748
833,0.06125267723763071,8.342492492492493,0.9466423093897381
834,0.061179452608871504,8.352477477477478,0.9466991885017119
835,0.06110640284411248,8.362462462462462,0.9467559451254425
836,0.06103352731772491,8.372447447447447,0.9468125796590352
837,0.060960825407061096,8.382432432432433,0.9468690924988626
838,0.0608882964924365,8.392417417417418,0.9469254840395739
839,0.060815939957112215,8.402402402402403,0.9469817546741045
840,0.060743755187277454,8.412387387387387,0.9470379047936854
841,0.060671741572032166,8.422372372372372,0.947093934787853
842,0.060599898503369866,8.432357357357358,0.9471498450444565
843,0.06052822537616049,8.442342342342343,0.9472056359496703
844,0.06045672158813341,8.452327327327328,0.9472613078879989
845,0.060385386539860544,8.462312312312312,0.94731686124229
846,0.06031421963473962,8.472297297297297,0.9473722963937399
847,0.060243220278977556,8.482282282282283,0.9474276137219061
848,0.06017238788157394,8.492267267267268,0.9474828136047128
849,0.06010172185430463,8.502252252252253,0.9475378964184613
850,0.06003122161170546,8.512237237237237,0.9475928625378386
851,0.05996088657105606,8.522222222222222,0.9476477123359263
852,0.059890716152363854,8.532207207207207,0.9477024461842083
853,0.059820709778348066,8.542192192192193,0.9477570644525806
854,0.05975086687442391,8.552177177177178,0.9478115675093586
855,0.05968118686868687,8.562162162162162,0.9478659557212877
856,0.05961166919189708,8.572147147147147,0.9479202294535478
857,0.05954231327746383,8.582132132132132,0.9479743890697666
858,0.05947311856143018,8.592117117117118,0.9480284349320229
859,0.05940408448245767,8.602102102102103,0.9480823674008593
860,0.05933521048181113,8.612087087087087,0.9481361868352873
861,0.05926649600334361,8.622072072072072,0.9481898935927966
862,0.05919794049348142,8.632057057057057,0.9482434880293644
863,0.05912954340120925,8.642042042042043,0.9482969704994594
864,0.059061304178055454,8.652027027027026,0.9483503413560553
865,0.05899322227807728,8.662012012012012,0.9484036009506351
866,0.05892529715784644,8.671996996996997,0.9484567496331987
867,0.058857528276434576,8.681981981981982,0.9485097877522738
868,0.05878991509539891,8.691966966966968,0.9485627156549207
869,0.05872245707876802,8.701951951951951,0.9486155336867407
870,0.05865515369302759,8.711936936936937,0.9486682421918853
871,0.05858800440710646,8.721921921921922,0.9487208415130621
872,0.05852100869236258,8.731906906906907,0.9487733319915433
873,0.05845416602256917,8.741891891891893,0.9488257139671727
874,0.058387475873900925,8.751876876876876,0.948877987778373
875,0.058320937724920315,8.761861861861862,0.9489301537621552
876,0.05825455105656405,8.771846846846847,0.9489822122541232
877,0.05818831535212953,8.781831831831832,0.9490341635884827
878,0.058122230097261474,8.791816816816818,0.9490860080980482
879,0.058056294779938594,8.801801801801801,0.9491377461142514
880,0.057990508890460334,8.811786786786787,0.9491893779671458
881,0.0579248719214338,8.821771771771772,0.9492409039854165
882,0.05785938336776069,8.831756756756757,0.9492923244963857
883,0.05779404272662432,8.841741741741743,0.9493436398260199
884,0.05772884949747679,8.851726726726726,0.9493948502989386
885,0.05766380318202613,8.861711711711711,0.9494459562384191
886,0.05759890328422371,8.871696696696697,0.9494969579664049
887,0.05753414931025155,8.881681681681682,0.9495478558035112
888,0.05746954076850984,8.891666666666667,0.9495986500690339
889,0.05740507716960446,8.901651651651651,0.9496493410809546
890,0.057340758026334634,8.911636636636636,0.9496999291559475
891,0.0572765828536807,8.921621621621622,0.949750414609387
892,0.05721255116879187,8.931606606606607,0.9498007977553546
893,0.05714866249097412,8.941591591591592,0.9498510789066439
894,0.057084916341678206,8.951576576576576,0.9499012583747688
895,0.057021312244487636,8.961561561561561,0.9499513364699689
896,0.0569578497251069,8.971546546546547,0.950001313501218
897,0.05689452831134961,8.981531531531532,0.9500511897762277
898,0.05683134753312682,8.991516516516517,0.9501009656014563
899,0.05676830692243537,9.001501501501501,0.9501506412821145
900,0.05670540601334633,9.011486486486486,0.9502002171221697
901,0.05664264434199358,9.021471471471472,0.9502496934243571
902,0.056580021446562316,9.031456456456457,0.9502990704901807
903,0.0565175368672778,9.041441441441442,0.9503483486199232
904,0.056455190146394066,9.051426426426426,0.9503975281126505
905,0.05639298082818274,9.061411411411411,0.9504466092662183
906,0.05633090845892196,9.071396396396397,0.9504955923772787
907,0.05626897258688535,9.081381381381382,0.950544477741285
908,0.05620717276233102,9.091366366366367,0.950593265652499
909,0.05614550853749072,9.10135135135135,0.9506419564039976
910,0.056083979466559006,9.111336336336336,0.9506905502876765
911,0.05602258510568249,9.121321321321322,0.9507390475942588
912,0.05596132501294921,9.131306306306307,0.9507874486132974
913,0.055900198748377976,9.141291291291292,0.9508357536331862
914,0.05583920587390787,9.151276276276276,0.9508839629411608
915,0.05577834595338775,9.161261261261261,0.9509320768233065
916,0.05571761855256588,9.171246246246247,0.9509800955645645
917,0.05565702323907959,9.181231231231232,0.9510280194487366
918,0.05559655958244505,9.191216216216217,0.9510758487584924
919,0.055536227154047,9.2012012012012,0.9511235837753724
920,0.055476025527128686,9.211186186186186,0.9511712247797968
921,0.05541595427678179,9.221171171171171,0.951218772051068
922,0.0553560129799364,9.231156156156157,0.9512662258673789
923,0.055296201215351115,9.241141141141142,0.9513135865058165
924,0.05523651856360317,9.251126126126126,0.9513608542423687
925,0.055176964607078584,9.261111111111111,0.9514080293519283
926,0.055117538929962503,9.271096096096096,0.9514551121083001
927,0.05505824111822947,9.281081081081082,0.9515021027842056
928,0.05499907075963379,9.291066066066067,0.9515490016512878
929,0.05494002744370006,9.30105105105105,0.9515958089801172
930,0.05488111076171356,9.311036036036036,0.9516425250401972
931,0.054822320306710914,9.321021021021021,0.9516891500999689
932,0.0547636556734707,9.331006006006007,0.9517356844268164
933,0.05470511645850413,9.34099099099099,0.9517821282870731
934,0.05464670226004577,9.350975975975976,0.9518284819460251
935,0.0545884126780444,9.360960960960961,0.9518747456679169
936,0.05453024731415387,9.370945945945946,0.9519209197159587
937,0.05447220577172399,9.380930930930932,0.9519670043523271
938,0.05441428765579157,9.390915915915915,0.9520129998381743
939,0.054356492573071395,9.4009009009009,0.9520589064336326
940,0.05429882013194738,9.410885885885886,0.9521047243978151
941,0.0542412699424637,9.420870870870871,0.9521504539888268
942,0.054183841616316,9.430855855855857,0.9521960954637659
943,0.05412653476684268,9.44084084084084,0.9522416490787298
944,0.054069349009016165,9.450825825825826,0.9522871150888177
945,0.054012283959434366,9.46081081081081,0.9523324937481402
946,0.05395533923631204,9.470795795795796,0.95237778530982
947,0.053898514459472295,9.480780780780782,0.9524229900259978
948,0.05384180925033817,9.490765765765765,0.9524681081478378
949,0.05378522323192415,9.50075075075075,0.9525131399255321
950,0.05372875602882786,9.510735735735736,0.9525580856083048
951,0.0536724072672218,9.520720720720721,0.9526029454444179
952,0.05361617657484501,9.530705705705707,0.9526477196811747
953,0.05356006358099495,9.54069069069069,0.9526924085649249
954,0.05350406791651928,9.550675675675675,0.9527370123410698
955,0.05344818921380783,9.56066066066066,0.9527815312540661
956,0.05339242710678454,9.570645645645646,0.9528259655474307
957,0.053336781230899424,9.580630630630631,0.9528703154637451
958,0.053281251223120704,9.590615615615615,0.9529145812446607
959,0.05322583672192681,9.6006006006006,0.9529587631309021
960,0.05317053736729863,9.610585585585586,0.953002861362272
961,0.05311535280071169,9.620570570570571,0.9530468761776562
962,0.05306028266512835,9.630555555555556,0.9530908078150269
963,0.053005326604990195,9.64054054054054,0.9531346565114486
964,0.05295048426621028,9.650525525525525,0.9531784225030802
965,0.05289575529616562,9.66051051051051,0.9532221060251825
966,0.05284113934368959,9.670495495495496,0.9532657073121186
967,0.0527866360590644,9.680480480480481,0.9533092265973614
968,0.052732245094013655,9.690465465465465,0.9533526641134972
969,0.052677966101694916,9.70045045045045,0.9533960200922281
970,0.05262379873669236,9.710435435435436,0.953439294764378
971,0.05256974265500942,9.720420420420421,0.9534824883598969
972,0.05251579751406152,9.730405405405406,0.9535256011078642
973,0.05246196297266884,9.74039039039039,0.9535686332364921
974,0.05240823869104909,9.750375375375375,0.9536115849731323
975,0.05235462433081041,9.76036036036036,0.9536544565442762
976,0.05230111955494425,9.770345345345346,0.9536972481755638
977,0.052247724027818285,9.780330330330331,0.9537399600917836
978,0.05219443741516944,9.790315315315315,0.9537825925168781
979,0.05214125938409683,9.8003003003003,0.9538251456739494
980,0.05208818960305495,9.810285285285286,0.9538676197852589
981,0.052035227741846705,9.82027027027027,0.9539100150722367
982,0.05198237347161655,9.830255255255256,0.9539523317554818
983,0.05192962646484375,9.84024024024024,0.9539945700547655
984,0.05187698639533554,9.850225225225225,0.9540367301890396
985,0.05182445293822047,9.86021021021021,0.9540788123764353
986,0.05177202576994166,9.870195195195196,0.9541208168342693
987,0.0517197045682502,9.880180180180181,0.9541627437790493
988,0.05166748901219855,9.890165165165165,0.9542045934264729
989,0.051615378782133924,9.90015015015015,0.9542463659914375
990,0.05156337355969182,9.910135135135135,0.9542880616880396
991,0.05151147302778955,9.92012012012012,0.9543296807295794
992,0.051459676870619725,9.930105105105104,0.9543712233285658
993,0.0514079847736439,9.94009009009009,0.9544126896967198
994,0.05135639642358622,9.950075075075075,0.9544540800449756
995,0.05130491150842705,9.96006006006006,0.9544953945834888
996,0.051253529717396704,9.970045045045046,0.9545366335216363
997,0.05120225074096921,9.98003003003003,0.9545777970680213
998,0.05115107427085604,9.990015015015015,0.9546188854304768
999,0.0511,10.0,0.9546598988160685
